ObjectId,CalcTime,NumOfColumns,MeasureCount,DimensionCount,NumOfRows,BookmarkApplied,ErrorCode,CalcConditionUnfulfilled,QsdaVersion,MetaId
850bc639-a858-4fb2-8867-c8cdad4fe20a,0,0,-1,-1,0,,0,False,3.4.5,9506
345e87c3-0bbb-4e60-b274-2dfec7de9c71,0,0,-1,-1,0,,0,False,3.4.5,9507
a93071c3-ab9b-4574-ad26-f5591a2c52a3,42,2,1,1,7,,0,False,3.4.5,9508
f2d2a070-37b7-4abb-80bc-53c21a6c04b5,76,2,1,1,7,,0,False,3.4.5,9509
e7383ded-4ca0-4bd0-ba00-310485f87105,46,2,1,1,7,,0,False,3.4.5,9510
77148895-ef5a-48d7-a6cf-9f010a4ccca4,71,2,1,1,7,,0,False,3.4.5,9511
2fb7948c-cfb0-4e8a-8db3-d24545238443,247,6,5,1,7,,0,False,3.4.5,9512
2eee660c-ea74-4752-8a8a-98719a18e5ce,74,2,1,1,7,,0,False,3.4.5,9513
390a4173-cce6-4921-a3ad-927e18e66cb3,3,0,-1,-1,0,,0,False,3.4.5,9514
JhDtpQC,6,8,8,0,1,,0,False,3.4.5,9515
PZJUsFj,0,0,-1,-1,0,,0,False,3.4.5,9516
fXahK,0,0,-1,-1,0,,0,False,3.4.5,9517
d18f14f2-6508-4b32-89e0-5c5174071bba,552,47,5,2,17,,0,False,3.4.5,9518
6087381a-ef45-43e4-a1c2-1c12dc3c6b96,517,95,5,2,9,,0,False,3.4.5,9519
PArmmDn,2,0,-1,-1,0,,0,False,3.4.5,9520
jsLLmsP,16,1,1,0,1,,0,False,3.4.5,9521
YYTjeX,32,1,1,0,1,,0,False,3.4.5,9522
qtDsgCB,32,1,1,0,1,,0,False,3.4.5,9523
kTxNeX,19,1,1,0,1,,0,False,3.4.5,9524
cGmdxs,2903,10,10,0,1,,0,False,3.4.5,9525
fa1e88ee-d781-4c0b-9dd2-ebd10b9ad10e,0,0,-1,-1,0,,0,False,3.4.5,9526
2c68fbaf-d90a-4cce-bfca-6b04493744e9,0,0,-1,-1,0,,0,False,3.4.5,9527
wHyhyq,0,0,-1,-1,0,,0,False,3.4.5,9528
NdLnCMZ,4,1,1,0,1,,0,False,3.4.5,9529
JLZpmX,0,0,-1,-1,0,,0,False,3.4.5,9530
b7f2e33a-da0d-4877-b3fa-f88a121a9de3,0,0,-1,-1,0,,0,False,3.4.5,9531
f70ad8f0-fc9e-4fe8-8a76-c2af0175041e,1700,3,20,1,21,,0,False,3.4.5,9532
a50b485b-0cc4-4ffa-8a40-6e2e3edea613,1402,22,21,2,8,,0,False,3.4.5,9533
fbauUhG,2,0,-1,-1,0,,0,False,3.4.5,9534
LuPpBur,0,0,-1,-1,0,,0,False,3.4.5,9535
1d2da243-ad99-4da7-8cdd-0ea75cd75b22,2746,10,10,0,1,,0,False,3.4.5,9536
1d1f84b8-250b-4666-831a-ae2a643fa48b,2,3,3,0,1,,0,False,3.4.5,9537
daFAe,1,0,-1,-1,0,,0,False,3.4.5,9538
BmpWy,0,0,-1,-1,0,,0,False,3.4.5,9539
9a9618d8-ee0f-4d2f-8eff-fdf5e8a69984,0,0,-1,-1,0,,0,False,3.4.5,9540
faba13aa-4e26-4043-851b-40136c67a07c,4123,25,26,3,61,,0,False,3.4.5,9541
3315c6b7-c506-4b88-a947-965f7b18b7fa,8914,3,34,1,35,,0,False,3.4.5,9542
067718b9-ee44-4bf0-8292-7a1c34dde964,3,0,-1,-1,0,,0,False,3.4.5,9543
cPbhLRH,0,0,-1,-1,0,,0,False,3.4.5,9544
c6def5e1-de3e-4425-ae2e-3f4262a0494b,5,6,6,0,1,,0,False,3.4.5,9545
ac828a8b-7709-439c-8b8f-510d9a801f00,9221,9,9,0,1,,0,False,3.4.5,9546
qNdFQ,1,0,-1,-1,0,,0,False,3.4.5,9547
ukjnh,0,0,-1,-1,0,,0,False,3.4.5,9548
04556587-3bca-4831-9197-f02ce04d93e5,866,332,8,3,70,,0,False,3.4.5,9549
1c191293-3782-47f0-8254-a211a74569c9,836,629,8,3,37,,0,False,3.4.5,9550
UXDpvS,3,0,-1,-1,0,,0,False,3.4.5,9551
TMDYyTp,0,0,-1,-1,0,,0,False,3.4.5,9552
fmLYpEQ,67,3,2,1,37,,0,False,3.4.5,9553
4dd9a17e-4d7d-430a-9149-ca51978b6e68,0,0,-1,-1,0,,0,False,3.4.5,9554
1a9671b8-4ad2-4e57-9435-5fa6a0a4feaf,8,1,1,0,1,,0,False,3.4.5,9555
205d73e9-1300-4a28-a73d-28c6569d2766,7,1,1,0,1,,0,False,3.4.5,9556
144ddf6e-69f9-448e-9f82-64af90a5560e,12,1,1,0,1,,0,False,3.4.5,9557
e7dbe2d5-b77a-476a-ae06-90afd564dcc6,11,1,1,0,1,,0,False,3.4.5,9558
22874e9e-3b61-4c20-8ddd-62a8b2386bfa,8,1,1,0,1,,0,False,3.4.5,9559
6a0c8ca1-1c3b-4c38-9887-180830cbae0e,0,0,-1,-1,0,,0,False,3.4.5,9560
9ccffa6c-6908-49b3-9691-938d62f4f052,0,0,-1,-1,0,,0,False,3.4.5,9561
2ea35e27-47d6-4eb2-b949-eda15927ea91,0,0,-1,-1,0,,0,False,3.4.5,9562
b11be7ab-82f7-4737-833e-33a020090a48,0,0,-1,-1,0,,0,False,3.4.5,9563
LJJat,13,1,1,0,1,,0,False,3.4.5,9564
2cd0dddb-dd12-4a9e-9461-1110ce81ae6a,0,0,-1,-1,0,,0,False,3.4.5,9565
bb8c8dcb-7c8c-4e17-a6e6-d690ec0ef062,98,9,8,1,16,,0,False,3.4.5,9566
AyRQaQk,2,0,-1,-1,0,,0,False,3.4.5,9567
ZKAsKm,234,9,9,0,1,,0,False,3.4.5,9568
hEmYVM,0,0,-1,-1,0,,0,False,3.4.5,9569
NFjuJm,0,0,-1,-1,0,,0,False,3.4.5,9570
27ec3a96-db3d-45dc-85db-8931b8519ad9,0,0,-1,-1,0,,0,False,3.4.5,9571
d37ddd96-0880-40c1-9ac0-526b8290ceea,5,10,10,0,1,,0,False,3.4.5,9572
71af1d90-ed49-45c4-b49e-af9056d9e7b5,206,7,6,1,9,,0,False,3.4.5,9573
553aaeeb-48f4-4b7b-a1fe-6ff2a1e1b8ff,121,10,10,0,1,,0,False,3.4.5,9574
AXpvhK,1,0,-1,-1,0,,0,False,3.4.5,9575
0ca37cf5-9468-4d02-bd99-76eb72c5075b,108,5,4,1,9,,0,False,3.4.5,9576
c909c0f8-7c98-49e1-8153-edf743266723,94,10,10,0,1,,0,False,3.4.5,9577
Knfh,1,0,-1,-1,0,,0,False,3.4.5,9578
9c1d7cb7-b4d0-42c7-861f-b742b997a481,194,9,8,1,8,,0,False,3.4.5,9579
b9d680f1-ca6d-44bc-8ac5-5ae5de7eb7be,131,10,10,0,1,,0,False,3.4.5,9580
SKEFXV,2,0,-1,-1,0,,0,False,3.4.5,9581
1777d551-0708-4bce-a27f-a1e8133de7fd,32,0,1,2,46,,0,False,3.4.5,9582
c0b6ec0c-a8a8-4b02-9e38-4774efdf4177,151,10,10,0,1,,0,False,3.4.5,9583
AksmGG,2,0,-1,-1,0,,0,False,3.4.5,9584
mXjyJ,0,0,-1,-1,0,,0,False,3.4.5,9585
VTZAWtP,1,0,0,0,1,,0,False,3.4.5,9586
mWHUJpv,3,0,0,0,1,,0,False,3.4.5,9587
jQDAqGd,0,0,-1,-1,0,,0,False,3.4.5,9588
jZqmjmh,7,10,10,0,1,,0,False,3.4.5,9589
54a4e17d-632f-442e-9328-0da1728b051e,129,10,10,0,1,,0,False,3.4.5,9590
f8371fa7-ac7d-47d3-8bf7-110b4535ef2e,411,7,6,1,10,,0,False,3.4.5,9591
QPq,2,0,-1,-1,0,,0,False,3.4.5,9592
DGmDaR,3,0,-1,-1,0,,0,False,3.4.5,9593
FZtGutt,3,0,-1,-1,0,,0,False,3.4.5,9594
JeYVKb,2,0,-1,-1,0,,0,False,3.4.5,9595
ywWQNz,0,0,-1,-1,0,,0,False,3.4.5,9596
6811c629-5194-40d4-bd25-1faab1aad158,162,3,2,1,14,,0,False,3.4.5,9597
94c675f3-e0ee-4ec8-97d0-aa74c83bb905,195,3,2,1,61,,0,False,3.4.5,9598
38fa61a4-ad90-4914-9b9c-f6e175c47b05,177,3,2,1,61,,0,False,3.4.5,9599
knCqQ,334,0,-1,-1,0,,0,False,3.4.5,9600
39839bee-468f-4752-b69c-6c39d7cb8fae,535,6,6,0,1,,0,False,3.4.5,9601
53613de6-751c-447a-9791-439a61d151ef,643,6,6,0,1,,0,False,3.4.5,9602
02e84b5b-e145-4307-baa1-3853b49b313c,677,6,6,0,1,,0,False,3.4.5,9603
BJhZWY,1,0,-1,-1,0,,0,False,3.4.5,9604
AmPncb,0,0,-1,-1,0,,0,False,3.4.5,9605
42286e1b-6c51-4b4c-b875-8cedabb6badd,154,3,2,1,14,,0,False,3.4.5,9606
2958973b-96f8-43d5-a273-3f897dae622d,168,3,2,1,61,,0,False,3.4.5,9607
f0b16574-d542-4119-987c-f99316746d26,128,6,5,1,8,,0,False,3.4.5,9608
49bcfaea-68cf-4ffe-816c-c35ed9603bf0,138,6,5,1,44,,0,False,3.4.5,9609
e8e8ecce-9ee0-4d38-9059-1e9c72f62512,199,3,2,1,61,,0,False,3.4.5,9610
45e47f29-a447-4a24-96d1-1c8ee50f39ae,145,6,5,1,44,,0,False,3.4.5,9611
f70b19ba-d6c7-45f2-b443-c00996589b4c,128,3,2,1,8,,0,False,3.4.5,9612
84b4e3d3-4a7a-428b-9f63-ba226b2b03bf,131,3,2,1,44,,0,False,3.4.5,9613
b9e7f875-20cb-46c1-86b4-e8b0453173e5,134,3,2,1,44,,0,False,3.4.5,9614
apDPDzJ,539,0,-1,-1,0,,0,False,3.4.5,9615
c51c1cd5-9f63-471d-8b73-9f3d5b447dc0,161,2,1,1,8,,0,False,3.4.5,9616
e12cb5d6-42b8-44fc-b707-4045a5f72e8b,152,2,1,1,44,,0,False,3.4.5,9617
9a2059b9-c8a3-44bb-aa1e-c779a9581478,143,2,1,1,8,,0,False,3.4.5,9618
54707ad5-ea6c-445e-b660-cc443f397a0f,166,2,1,1,44,,0,False,3.4.5,9619
86cabe02-a679-40cb-9e00-2a73e429cbdb,141,2,1,1,44,,0,False,3.4.5,9620
ce861e6b-6bc3-43ba-971c-98bf46112e3a,159,2,1,1,44,,0,False,3.4.5,9621
nJwpaw,349,0,-1,-1,0,,0,False,3.4.5,9622
UJSMU,0,0,-1,-1,0,,0,False,3.4.5,9623
9894dbd4-8ef5-411e-aab9-accb9613c716,0,0,-1,-1,0,,0,False,3.4.5,9624
dfbbbf6a-8bb5-451d-bcef-31f966cc047f,0,0,-1,-1,0,,0,False,3.4.5,9625
qrKGb,0,0,-1,-1,0,,0,False,3.4.5,9626
YmzXH,0,0,-1,-1,0,,0,False,3.4.5,9627
XrPJj,368,66,6,112,3365,,0,False,3.4.5,9628
VzChnhr,0,0,-1,-1,0,,0,False,3.4.5,9629
cb70de70-a32b-4c8e-a354-22b8adb39159,0,0,-1,-1,0,,0,False,3.4.5,9630
1672201f-015b-43fb-ba79-0d524055fd4d,0,0,-1,-1,0,,0,False,3.4.5,9631
c250d8b7-180d-45a1-9dec-016fa7455711,0,0,-1,-1,0,,0,False,3.4.5,9632
UvrFpA,0,0,-1,-1,0,,0,False,3.4.5,9633
RDDkF,2,1,1,0,1,,0,False,3.4.5,9634
jjaTq,0,0,-1,-1,0,,0,False,3.4.5,9635
arNjn,8,1,1,0,1,,0,False,3.4.5,9636
mzHVDm,8,1,1,0,1,,0,False,3.4.5,9637
YNghP,13,1,1,0,1,,0,False,3.4.5,9638
GjqbrZY,16,1,1,0,1,,0,False,3.4.5,9639
CYVxN,14,1,1,0,1,,0,False,3.4.5,9640
c9ba51af-a016-49f8-b49b-bf712db2445d,19,2,1,1,9,,0,False,3.4.5,9641
42855685-b0cd-4449-bea1-095b587cb328,38,5,4,1,9,,0,False,3.4.5,9642
GTxNJ,2,0,-1,-1,0,,0,False,3.4.5,9643
66e5b553-84c9-4c89-84dc-cbd378be8e67,0,0,-1,-1,0,,0,False,3.4.5,9644
30343597-e755-4cdf-b1ca-a13e83b33f6e,0,0,-1,-1,0,,0,False,3.4.5,9645
444daea1-b0a6-414b-a36e-333706096217,0,0,-1,-1,0,,0,False,3.4.5,9646
qJpdb,0,0,-1,-1,0,,0,False,3.4.5,9647
KubPmu,292,10,10,0,1,,0,False,3.4.5,9648
0cc3efa4-96f1-4246-872a-fe372de90c67,20,2,1,1,6,,0,False,3.4.5,9649
1d08e566-a5f6-491e-b5da-4e03ef18f085,46,5,4,1,6,,0,False,3.4.5,9650
ecwwdfz,2,0,-1,-1,0,,0,False,3.4.5,9651
36956231-6e39-4047-99c3-0f250bf87196,89,9,8,1,6,,0,False,3.4.5,9652
e37955eb-74ef-48a3-94b7-1cbb513981ef,79,9,8,1,5,,0,False,3.4.5,9653
fd166846-c6d4-423c-837c-52e4fe2f70a2,76,9,8,1,4,,0,False,3.4.5,9654
gWsaHp,2,0,-1,-1,0,,0,False,3.4.5,9655
WLdyfYq,11,1,1,0,1,,0,False,3.4.5,9656
mBExJX,0,0,-1,-1,0,,0,False,3.4.5,9657
48b37102-8d4e-44ab-8e61-1013864bf63b,24,2,1,1,10,,0,False,3.4.5,9658
305fcfb4-443d-4702-a3f7-d69f698b964b,43,5,4,1,10,,0,False,3.4.5,9659
HjwJG,1,0,-1,-1,0,,0,False,3.4.5,9660
PtxGRHz,0,0,-1,-1,0,,0,False,3.4.5,9661
jxPKH,0,0,-1,-1,0,,0,False,3.4.5,9662
YVBzksJ,8,1,1,0,1,,0,False,3.4.5,9663
NvPm,8,1,1,0,1,,0,False,3.4.5,9664
MZVubZs,7,1,1,0,1,,0,False,3.4.5,9665
Jvmsgdx,12,1,1,0,1,,0,False,3.4.5,9666
HYqPHL,12,1,1,0,1,,0,False,3.4.5,9667
bRJYLNL,13,1,1,0,1,,0,False,3.4.5,9668
NpmaSjL,13,1,1,0,1,,0,False,3.4.5,9669
Jbnppc,0,0,-1,-1,0,,0,False,3.4.5,9670
aNZLt,0,0,-1,-1,0,,0,False,3.4.5,9671
3c48f849-16a3-452d-a345-7cc031275f43,569,3,33,1,34,,0,False,3.4.5,9672
b5c2c2c4-62ea-4b45-b5f9-237b3541fbd8,322,20,20,2,8,,0,False,3.4.5,9673
11ad3091-4da3-4063-ae00-8869e7ce3781,546,3,33,1,34,,0,False,3.4.5,9674
veYyjJ,3,0,-1,-1,0,,0,False,3.4.5,9675
f856a582-5a1d-4796-a56a-b854a47258f7,833,9,9,0,1,,0,False,3.4.5,9676
7ba23adb-dac4-42e4-a370-d5ba9d83d7b0,832,9,9,0,1,,0,False,3.4.5,9677
zzmUe,2,0,-1,-1,0,,0,False,3.4.5,9678
fvca,0,0,-1,-1,0,,0,False,3.4.5,9679
fMmALA,0,0,-1,-1,0,,0,False,3.4.5,9680
008f9d8c-5db8-4085-a83d-8189d3d2c1d1,6,0,-1,-1,0,,0,False,3.4.5,9681
012d2f3a-7b01-4c1c-ad8f-3360d88c5ed5,2,0,-1,-1,0,,0,False,3.4.5,9682
01c7137b-51a7-4bb2-beab-68bc621959bf,62,2,1,1,3,,0,False,3.4.5,9683
021e474b-3a94-4b70-87d9-a9d64ad61edd,3,0,0,0,1,,0,False,3.4.5,9684
02a536a7-b2c8-43b9-ac97-c16ac3166968,71,9,1,13,16823,,0,False,3.4.5,9685
02cc9ff8-f1c7-4094-b3c8-c7a9140382e4,3,0,-1,-1,0,,0,False,3.4.5,9686
032253c5-ccbf-4677-be80-fcc9b4d4f7b7,168,2,1,1,8,,0,False,3.4.5,9687
034e421a-2960-4686-92ec-0caf3691943f,292,9,9,0,1,,0,False,3.4.5,9688
037bd527-cc78-4f15-ad2a-0d21e9893941,145,9,8,1,8,,0,False,3.4.5,9689
045de995-18a8-4988-b6a1-ee7df6cd690b,52,8,1,7,16823,,0,False,3.4.5,9690
04b86942-faef-4932-baef-93e0f66594d6,2,0,-1,-1,0,,0,False,3.4.5,9691
05a131f4-fc08-4731-8401-41842b2f22b3,13,2,1,1,14,,0,False,3.4.5,9692
05dd83d4-cc30-45be-b5da-38c1e52b9b71,61,9,8,1,5,,0,False,3.4.5,9693
0615216f-5e2a-4831-8dab-f9402e41b91b,2,0,-1,-1,0,,0,False,3.4.5,9694
0683c7e0-fe35-4b21-b564-3750e0fa633d,20,2,1,1,3,,0,False,3.4.5,9695
0785ad26-33cf-4e2e-818e-73b0ea6963c0,3,0,-1,-1,0,,0,False,3.4.5,9696
080b1cb1-5ce5-4bb6-baf1-d2e189346088,200,3,2,1,61,,0,False,3.4.5,9697
083193b1-659d-41c6-a04f-f6a7ee8dc71e,3,0,-1,-1,0,,0,False,3.4.5,9698
085bac50-6439-4e1f-b1f3-ec0289dc5e3d,3,0,-1,-1,0,,0,False,3.4.5,9699
0884844b-b5d7-4dec-881d-930d269a929c,213,39,6,65,384,,0,False,3.4.5,9700
0915e941-2cd3-442e-ad64-cf591ed3f0b1,3,1,1,0,1,,0,False,3.4.5,9701
0993e6ec-457a-4473-84a9-6f84dff5eee2,4,0,-1,-1,0,,0,False,3.4.5,9702
09d23663-528d-4290-9004-fd5306e4bdbb,78,2,1,1,5,,0,False,3.4.5,9703
0a5d5573-08ca-4e14-9f18-8c76d0a8de0c,2,0,-1,-1,0,,0,False,3.4.5,9704
0adeb67d-fdfc-41d8-92bb-ebb5f0dac03e,680,9,8,1,9,,0,False,3.4.5,9705
0ba683bf-9867-4d7c-933a-c1c63f611aff,2,0,-1,-1,0,,0,False,3.4.5,9706
0bf8d3a7-2874-402e-b211-4bbeacca6d98,2,0,-1,-1,0,,0,False,3.4.5,9707
0c40f10d-e5c3-4676-ba75-76ce6e0c4e1c,7,8,8,0,1,,0,False,3.4.5,9708
0f37037f-bf35-426f-9e80-4dc333d13ff9,2,0,-1,-1,0,,0,False,3.4.5,9709
10cfa9aa-6fbb-4885-966d-113a80e9182a,129,10,10,0,1,,0,False,3.4.5,9710
11b25787-4855-4ab7-bb56-e8ef5dc711c9,20,1,1,0,1,,0,False,3.4.5,9711
11b46430-8b05-4e54-9abf-856da7324567,3,0,-1,-1,0,,0,False,3.4.5,9712
127d5bef-77f3-4f77-bfb3-13a960ddac0e,2,0,-1,-1,0,,0,False,3.4.5,9713
1378fa8f-f1a9-4653-8567-4ab1f6ff379b,68,9,1,13,16823,,0,False,3.4.5,9714
13817337-fe7a-4b25-9600-e8ac05b2560f,4,0,-1,-1,0,,0,False,3.4.5,9715
13a3e056-a227-4697-9857-a2717e316a63,3,0,-1,-1,0,,0,False,3.4.5,9716
14611f20-6337-46b1-b27f-12153dbc15d2,3,0,-1,-1,0,,0,False,3.4.5,9717
149c446a-59e5-4e1d-a987-779b74028d13,38,2,1,1,9,,0,False,3.4.5,9718
14e5d6a4-d4f7-4f00-9d6c-02f43d5b2fda,3,0,-1,-1,0,,0,False,3.4.5,9719
1507d1f7-9a43-4edc-867b-480aabef2ffb,64,8,1,7,16823,,0,False,3.4.5,9720
154186a7-70e3-48d7-a07d-60d6c6810776,3,0,-1,-1,0,,0,False,3.4.5,9721
16933331-7fd1-4bc0-a9fc-8777a9785a81,3,0,-1,-1,0,,0,False,3.4.5,9722
179f46fd-8d24-4eba-b8e9-5adf18d0ba18,2,0,-1,-1,0,,0,False,3.4.5,9723
18d4cc41-f3ce-4619-9e2b-a2e7e5cff5bc,18,0,1,2,16,,0,False,3.4.5,9724
19721fa1-5092-4fa4-8a7f-658358737f14,1,0,-1,-1,0,,0,False,3.4.5,9725
5a7cfd49-104f-43f4-9158-52ae7b0d5fb7,5,1,-1,-1,1,,0,False,3.4.5,9726
1a61aa66-cb27-4a7a-8862-899a510f3958,16,8,1,7,1,,0,False,3.4.5,9727
1c5bf14c-765d-48ad-a650-1a79f57d55b4,2,0,-1,-1,0,,0,False,3.4.5,9728
1cf3ce07-830c-4326-8e24-b6c5018e5666,2,0,-1,-1,0,,0,False,3.4.5,9729
1cfdef84-bf95-471e-81c2-b1cd53895ad8,3,0,-1,-1,0,,0,False,3.4.5,9730
1dd5e3d9-2a7d-44ae-8cb8-3d900c0b6cb4,26,2,1,1,1,,0,False,3.4.5,9731
1dee4185-133f-41db-be3e-baa3aac4d00c,3,0,-1,-1,0,,0,False,3.4.5,9732
1f14ed37-e358-4f09-8c5c-87a43e0ca9e5,2745,10,10,0,1,,0,False,3.4.5,9733
1f67ca0d-18ab-476b-9fbe-cdc67241d5a2,334,50,6,72,14153,,0,False,3.4.5,9734
1faff1ba-4e7d-478c-8e34-529117497363,132,3,2,1,8,,0,False,3.4.5,9735
1fd337d4-8fd2-4c18-b0d5-3e076a3bd334,9235,9,9,0,1,,0,False,3.4.5,9736
2057b90f-326a-402d-9333-5d5f106ba3bf,43,1,1,0,1,,0,False,3.4.5,9737
21154519-94ef-4321-81cd-f7f0f5c6cd59,2,0,-1,-1,0,,0,False,3.4.5,9738
211a5a7d-b39e-4283-b3ef-a944003e99b8,2,0,-1,-1,0,,0,False,3.4.5,9739
22bc8031-84bd-4bd5-9ee4-caf370632e87,2,0,-1,-1,0,,0,False,3.4.5,9740
22ec0c79-5342-4dee-89e3-9b47d80e1a03,70,2,1,1,7,,0,False,3.4.5,9741
22f7b6ad-3e7e-4367-ba43-d07ae9190f1b,57,2,1,1,5,,0,False,3.4.5,9742
23456ed1-685f-4552-9dea-d789695406ce,3,0,-1,-1,0,,0,False,3.4.5,9743
2411cb0a-be6a-4458-9043-4349434dee8a,198,3,2,1,14,,0,False,3.4.5,9744
24668785-19e8-4272-933b-ca977e59deb4,290,10,8,2,70,,0,False,3.4.5,9745
257240ec-2c46-41eb-8042-a9d6c6add657,11,1,1,0,1,,0,False,3.4.5,9746
25dc578b-05e6-4072-b99a-c8a079a74d2e,19,8,1,7,1,,0,False,3.4.5,9747
260917dc-666a-4761-8619-58a312bc95d6,8,0,-1,-1,0,,0,False,3.4.5,9748
26e432a0-c90d-4be7-acc3-8024bf70188f,3,0,-1,-1,0,,0,False,3.4.5,9749
270d71c5-9cfa-4197-a4ec-8bfd9519d5e1,2,0,-1,-1,0,,0,False,3.4.5,9750
298f23fd-3f7c-47f0-9fbc-58481075f8dd,1,0,-1,-1,0,,0,False,3.4.5,9751
08f6616b-2fcb-478f-a059-ba7f56df15d2,2,1,-1,-1,7,,0,False,3.4.5,9752
29ceaf91-6725-4f75-bf6b-1259ad301cb4,2,0,-1,-1,0,,0,False,3.4.5,9753
2a78db8e-4b96-4166-8845-19c633202154,20,2,1,1,7,,0,False,3.4.5,9754
2c19f5a2-0e5e-4f93-9df1-7dd719f5f738,2,0,-1,-1,0,,0,False,3.4.5,9755
2c89338e-d73e-4e52-a576-14d3eb50210e,4,0,-1,-1,0,,0,False,3.4.5,9756
52e587fc-c0ff-4629-b4e3-e63e90bebcba,0,0,-1,-1,0,,0,False,3.4.5,9757
fe6a5ef9-fb7d-4503-a82d-533a4b69f905,0,0,-1,-1,0,,0,False,3.4.5,9758
15355a4d-ba12-45af-b29b-d35a33a70e98,0,0,-1,-1,0,,0,False,3.4.5,9759
f319efe0-c3e3-42b7-833a-2dc4c5c5ed4a,0,0,-1,-1,0,,0,False,3.4.5,9760
5dd81629-1824-4ef4-8753-42682c725372,0,0,-1,-1,0,,0,False,3.4.5,9761
f0227264-2a31-411a-b2b9-c007d7683701,0,0,-1,-1,0,,0,False,3.4.5,9762
2d24937c-2250-4651-8777-0dc7af2603e1,75,2,1,1,3,,0,False,3.4.5,9763
2d25b62f-23b7-489b-84db-0ee277c57999,20,2,1,1,7,,0,False,3.4.5,9764
2e5909e2-6bb9-4ca9-9f23-7d1a799fcba1,13,1,1,0,1,,0,False,3.4.5,9765
2e862cfc-6705-44f8-ae41-ccde82f2e07d,68,7,6,1,5,,0,False,3.4.5,9766
2ec60162-56a2-41e3-ac82-d29632012cdf,3,0,-1,-1,0,,0,False,3.4.5,9767
2f8f2d77-6148-4521-83df-3bdfc6b26ac4,2,0,-1,-1,0,,0,False,3.4.5,9768
30143fc2-cd69-4bc0-a490-627b0ebc8262,35,1,1,0,1,,0,False,3.4.5,9769
3027e7cc-7986-49c2-88f7-a59bdc3baf6a,1,0,-1,-1,0,,0,False,3.4.5,9770
775c203e-a29b-4003-a3b2-c0f379ec5af2,124,1,-1,-1,3,,0,False,3.4.5,9771
304835bc-ffa4-421a-9b2a-2314350fc6b9,71,2,1,1,5,,0,False,3.4.5,9772
32e18bab-634f-41d6-af04-6f808d232548,138,6,5,1,44,,0,False,3.4.5,9773
3447723e-c9ad-413e-981e-18a2118d348a,307,10,10,0,1,,0,False,3.4.5,9774
34c56e96-7218-4cef-b090-eca79f72317b,8,1,1,0,1,,0,False,3.4.5,9775
34cdae6f-019f-4a85-823b-a2a07cdeb9b6,7,2,1,1,7,,0,False,3.4.5,9776
34f1f8d4-496e-4142-92bd-ff1321a7e77a,2,0,-1,-1,0,,0,False,3.4.5,9777
3520d3c5-0ef7-4ef9-b650-b135c7114843,2,0,-1,-1,0,,0,False,3.4.5,9778
3589187f-679a-426a-a596-864cf748ec64,1,0,-1,-1,0,,0,False,3.4.5,9779
555b86aa-2ab2-46ff-8604-7cfefe661a15,2,1,-1,-1,14,,0,False,3.4.5,9780
3597bf1b-c3dd-4ea0-b621-033ea79632c2,177,3,2,1,61,,0,False,3.4.5,9781
36266feb-5c7e-4128-a5ec-1df29bd17ba5,2,0,-1,-1,0,,0,False,3.4.5,9782
36686f86-68a8-4112-886d-eb4404cacf1e,3,0,-1,-1,0,,0,False,3.4.5,9783
3689f3d8-0197-49d2-94a8-06750d33246c,19,2,1,1,10,,0,False,3.4.5,9784
374bf72f-49ac-4857-9cae-112a678865d1,3,0,-1,-1,0,,0,False,3.4.5,9785
38c0d725-aacd-4efc-aa9b-b8dfbc3cfd93,2,0,-1,-1,0,,0,False,3.4.5,9786
38ca714b-3e0f-4bae-8e51-ea1f58675315,1,0,-1,-1,0,,0,False,3.4.5,9787
3bf4e8a5-9ba3-489a-8628-29c0d103da1e,1,0,-1,-1,0,,0,False,3.4.5,9788
3c9c3e84-06a9-4f5a-9176-fd67ace26c4d,2,0,-1,-1,0,,0,False,3.4.5,9789
3d75fb67-d111-447c-a162-0cfc0685a7fa,3,0,-1,-1,0,,0,False,3.4.5,9790
3dfcf511-09ca-4239-921f-0c984c767fdb,277,9,8,1,14,,0,False,3.4.5,9791
3fcc8275-fd0a-4591-a8f9-49d4f3a744af,67,9,1,13,16823,,0,False,3.4.5,9792
40e27cd5-f950-4764-afe9-c6ddf7a5743b,96,23,5,18,196,,0,False,3.4.5,9793
41aa38e1-e2dd-4e17-bc47-011a955373eb,11,2,1,1,9,,0,False,3.4.5,9794
41befc8b-dc05-494e-83c1-713bd22c50f0,50,2,1,1,7,,0,False,3.4.5,9795
41c6abde-d76d-4f8f-ab58-0415afdb8f45,18,2,1,1,15,,0,False,3.4.5,9796
41dd862a-149b-4e45-912e-06dbd0607286,2,0,-1,-1,0,,0,False,3.4.5,9797
42539012-a673-4298-a9e7-e53c3c8f369b,0,0,-1,-1,0,,0,False,3.4.5,9798
4276bd67-f650-45a1-884a-c07f4847961b,2,0,-1,-1,0,,0,False,3.4.5,9799
42cc9406-2d9f-4e0f-87a0-4b0a2b448766,2,0,-1,-1,0,,0,False,3.4.5,9800
4327daef-777a-410a-824e-5af4a9f46d69,1364,22,21,2,8,,0,False,3.4.5,9801
4473ba9b-01d8-4505-8e4a-801e5ce74380,1,0,-1,-1,0,,0,False,3.4.5,9802
6789d0ff-21c6-47d9-b439-3c1bc3933d90,123,1,-1,-1,3,,0,False,3.4.5,9803
4482be33-5812-4a81-883d-5e4f1fe6bc04,49,7,6,1,26,,0,False,3.4.5,9804
45053f6b-8485-4986-8d62-47c89745d2a4,3,0,-1,-1,0,,0,False,3.4.5,9805
45148b6f-4185-4015-8c66-c27c59374150,15,2,1,1,7,,0,False,3.4.5,9806
4568970a-1806-4434-8a87-2ac7630dd360,767,9,9,0,1,,0,False,3.4.5,9807
459fa985-9970-42e1-a11c-5538ff317e42,656,6,6,0,1,,0,False,3.4.5,9808
4644c34a-3be4-4d66-8fbb-204adb42d748,14,1,1,0,1,,0,False,3.4.5,9809
46abf481-d9c6-4774-9340-ec706c016177,22,2,1,1,5,,0,False,3.4.5,9810
46fe2034-5f35-4693-b5fe-d28834c8e225,1,0,-1,-1,0,,0,False,3.4.5,9811
6775369c-eebe-4911-86f7-afb3f657c23e,124,1,-1,-1,3,,0,False,3.4.5,9812
4710b85c-83e3-422b-82a1-ef7ca81d3205,2,6,6,0,1,,0,False,3.4.5,9813
476e6b6d-2543-4423-a39d-4fcac3ca47b3,112,9,8,1,16,,0,False,3.4.5,9814
4836e1e5-218b-4e17-81fe-f8953b11dffe,2,0,-1,-1,0,,0,False,3.4.5,9815
4859bf27-f3c3-44d6-9b76-93d083af7cac,2586,10,10,0,1,,0,False,3.4.5,9816
49a1ab66-f3c8-44a1-b317-30a4aebc8d5e,10,1,1,0,1,,0,False,3.4.5,9817
4ab13163-0103-4440-8a2c-6bf59942f716,520,3,33,1,34,,0,False,3.4.5,9818
4c066484-f850-4776-bd66-0801ad44accc,3,0,-1,-1,0,,0,False,3.4.5,9819
4c0b6fc4-5994-420a-acfb-0603259d1225,2,0,-1,-1,0,,0,False,3.4.5,9820
4c4e80fb-58e7-4343-b080-22d554e1e42d,2,0,-1,-1,0,,0,False,3.4.5,9821
4c92ce90-84ab-4888-8a23-0a3f2b52197a,2,0,-1,-1,0,,0,False,3.4.5,9822
4de30952-3e46-4aa9-a1bb-de951fc64b59,2,0,-1,-1,0,,0,False,3.4.5,9823
4fccbe18-df52-48e7-a086-d4b9b544b17b,2,0,-1,-1,0,,0,False,3.4.5,9824
50f363b1-c447-4f6a-b86f-80e682913fd1,2,0,-1,-1,0,,0,False,3.4.5,9825
513fcfa7-c305-40d1-a0e9-6d333438c43b,10,1,1,0,1,,0,False,3.4.5,9826
51fef99f-24b5-42f7-a50a-79aa52a14266,14,8,1,7,1,,0,False,3.4.5,9827
527a7fb3-bd6d-4e26-9be4-ef72c63d6814,1,0,-1,-1,0,,0,False,3.4.5,9828
957a10b4-1879-435c-bb6b-3e35722e773b,5749,1,-1,-1,3,,0,False,3.4.5,9829
53ddb240-f142-4bf0-8d72-dab7d1687b5b,2,0,-1,-1,0,,0,False,3.4.5,9830
54263be1-ac22-4363-a90d-20209b3d8a3d,23,2,1,1,6,,0,False,3.4.5,9831
54dce697-6af6-48fd-920b-455d9d4d16a4,6,0,-1,-1,0,,0,False,3.4.5,9832
5637284d-858f-449b-9387-41534a18557c,2,0,-1,-1,0,,0,False,3.4.5,9833
580612db-9c62-476b-bdde-6335c4c0da30,159,10,10,0,1,,0,False,3.4.5,9834
5ca658c7-68f5-44cd-bf40-bce747518490,3,0,-1,-1,0,,0,False,3.4.5,9835
5ceef10e-44a9-4fda-a4a9-03d55308af33,454,50,6,72,2302,,0,False,3.4.5,9836
5e1d7eae-07ad-4f0e-b071-8a0cfed7924a,64,8,1,7,16823,,0,False,3.4.5,9837
5e1ea533-1abe-48d6-a99e-b5056d33d1f8,89,9,8,1,5,,0,False,3.4.5,9838
5e224640-34e3-4d91-9bc2-2d54d4b5ba1c,44,2,1,1,6,,0,False,3.4.5,9839
5e28fd2e-5396-4fce-badb-3592bdc95385,2,0,-1,-1,0,,0,False,3.4.5,9840
5e3bddc7-b241-4e7c-bf8e-53a4af3e22d5,116,17,7,10,5521,,0,False,3.4.5,9841
5e7e6375-6a3e-4d52-a209-9df9c952f43b,1,0,-1,-1,0,,0,False,3.4.5,9842
5ec0d8a7-f84b-4ba9-8993-2467f39201b0,3,0,-1,-1,0,,0,False,3.4.5,9843
6087b4fa-499e-4735-83df-0ded3f7133d5,37,2,1,1,4,,0,False,3.4.5,9844
612c580e-b966-4bd5-9800-4d01cd4323b9,2,0,-1,-1,0,,0,False,3.4.5,9845
614705ae-4aba-441d-97d4-c1f40533e2e7,2,0,-1,-1,0,,0,False,3.4.5,9846
62f1b66a-b135-4242-b982-25acee0b9ef3,16,2,1,1,7,,0,False,3.4.5,9847
634fa078-0d1e-4ad3-83b0-c9ed325aca9d,15,2,2,0,1,,0,False,3.4.5,9848
637c5106-2496-453a-980e-10c0a3216a05,10,2,1,1,6,,0,False,3.4.5,9849
63860c2f-0dca-403d-b9c3-da3f80a7f8bc,2,0,-1,-1,0,,0,False,3.4.5,9850
6388a146-693e-438d-9b5a-1ab759b707df,1,0,-1,-1,0,,0,False,3.4.5,9851
47fe6b5d-5127-44d7-a457-30fe5e7f0d4c,2,1,-1,-1,4,,0,False,3.4.5,9852
640eab3a-b9a1-40ff-a7ee-42f2ce357b7f,1,0,-1,-1,0,,0,False,3.4.5,9853
a11c1140-67a2-47e9-8da5-adb6546b7922,2,1,-1,-1,1,,0,False,3.4.5,9854
64a1a760-c5b0-4fbd-8d05-396b6fe7e8e5,453,0,-1,-1,0,,0,False,3.4.5,9855
64f596f0-8b61-4d05-8f03-26631ce89007,222,3,2,1,61,,0,False,3.4.5,9856
65272453-01a5-4ac5-a580-7e31cff2c911,3,0,-1,-1,0,,0,False,3.4.5,9857
67ae9061-cabc-4348-98d0-10988fc245ac,3,0,-1,-1,0,,0,False,3.4.5,9858
692f8012-8163-40d1-a69d-358865d62a79,65,8,1,7,16823,,0,False,3.4.5,9859
69f23f74-8081-402d-8e56-3f3a3a3a2741,8,2,1,1,6,,0,False,3.4.5,9860
6a297093-ceb5-4c12-8ba3-c721373e7d23,3,0,-1,-1,0,,0,False,3.4.5,9861
6a894a1c-812a-44ce-893a-965f184424a1,48,5,4,1,9,,0,False,3.4.5,9862
6aad6703-5302-4f2c-8f6f-c66b72b6b29f,2,1,1,0,1,,0,False,3.4.5,9863
6ad9d5f5-cbfc-4fe7-8ba0-d2642f3ad2a7,17,8,1,7,1,,0,False,3.4.5,9864
6cd8e007-f18f-4d77-9961-3468fb408a78,16,1,1,0,1,,0,False,3.4.5,9865
6db3b808-2afb-476d-9261-ae1db5396010,13,1,1,0,1,,0,False,3.4.5,9866
6e9f2aa0-1ee8-4b8f-a6ac-422e8ff9b49f,2,0,-1,-1,0,,0,False,3.4.5,9867
6ef90f26-0ef2-463c-934e-ffb308f8916f,17,2,2,0,1,,0,False,3.4.5,9868
6f6aedac-e160-4c54-b4dd-9f9166ea9c8e,302,6,5,1,7,,0,False,3.4.5,9869
70d1b824-efdb-4086-ad32-01a77b6b7b3c,46,1,1,0,1,,0,False,3.4.5,9870
70f96768-3846-42b3-b61b-b40cb9d532bc,3,0,-1,-1,0,,0,False,3.4.5,9871
7209006c-332f-4adf-b23f-4dd42c530a4a,28,1,1,0,1,,0,False,3.4.5,9872
7248d5c2-0bfa-4043-ac59-8620d29cdb3a,8,1,1,0,1,,0,False,3.4.5,9873
729a01fc-0d67-439c-b377-f5e042c8ab19,25,2,1,1,17,,0,False,3.4.5,9874
72f1929c-5016-4d01-8939-063384fbc293,2,0,-1,-1,0,,0,False,3.4.5,9875
8badba17-fd95-48ed-b822-430e89449353,2,1,-1,-1,4,,0,False,3.4.5,9876
7324bee0-81e0-4dce-aadd-5e37695f59e8,104,2,1,1,7,,0,False,3.4.5,9877
74bb96f3-77a1-4e95-864c-919abe52d8c0,3,0,-1,-1,0,,0,False,3.4.5,9878
74c4302f-c931-4001-9c78-984e2244d499,59,5,4,1,10,,0,False,3.4.5,9879
75004252-53d7-4969-a19e-740392f0b0df,25,0,1,2,8,,0,False,3.4.5,9880
750ee391-fc21-4a68-a6ac-65b16676642a,3,0,-1,-1,0,,0,False,3.4.5,9881
764033ec-5131-4b1b-876e-14b75db420c2,62,2,1,1,9,,0,False,3.4.5,9882
76539eaa-9bbc-4ee9-83dc-6462cd6d4a20,4,0,-1,-1,0,,0,False,3.4.5,9883
64c39d40-46c3-4667-8b37-283079789eb0,0,0,-1,-1,0,,0,False,3.4.5,9884
1e658e97-0dbd-433d-86ea-49b66704e635,0,0,-1,-1,0,,0,False,3.4.5,9885
9ef4bbf3-78b8-4f66-972c-5638839fe6ed,0,0,-1,-1,0,,0,False,3.4.5,9886
771f3abd-b092-4776-8437-815ef0ca0b9e,4,0,-1,-1,0,,0,False,3.4.5,9887
77a71f6c-4e8c-47c1-b699-dbb1732be0ff,90,0,-1,-1,0,,0,False,3.4.5,9888
78645b84-4f4c-465b-81c5-2ad75dc0b0d0,4,0,-1,-1,0,,0,False,3.4.5,9889
7a4b8ddf-98c4-424d-a85c-7c3a117f81b9,18,1,1,0,1,,0,False,3.4.5,9890
7a96c044-8049-4903-a085-0556ae2162e0,4,0,-1,-1,0,,0,False,3.4.5,9891
7aa37a89-9dbc-462c-b259-86d0373b63cd,197,3,2,1,44,,0,False,3.4.5,9892
7b626395-0e7e-4d40-be7b-b57ad7eb892d,3,0,-1,-1,0,,0,False,3.4.5,9893
7c226571-fa6f-42a9-8a40-8db2da05d054,196,2,1,1,44,,0,False,3.4.5,9894
7c24c59a-18a5-4c59-acdd-2f8ef4a40a8f,155,9,1,13,16823,,0,False,3.4.5,9895
7c8f5f9b-6a64-4219-8a02-10ac26766564,36,2,1,1,7,,0,False,3.4.5,9896
7dc46d54-8cfd-4e20-9058-3abe1f96131e,3,0,-1,-1,0,,0,False,3.4.5,9897
7e3866e0-16a7-46e1-bfd0-6bfa3906f747,238,10,10,0,1,,0,False,3.4.5,9898
7ea334ed-f51b-47ff-a7fe-e5c991c305d3,2,1,1,0,1,,0,False,3.4.5,9899
7f315e3b-7b5c-4cbf-98f1-b2958d99312b,3,0,-1,-1,0,,0,False,3.4.5,9900
7f7e6691-5431-4239-bda0-635a574dfd95,11,2,1,1,16,,0,False,3.4.5,9901
8074165f-c2fc-4549-8c7b-ef7ad533c197,3,0,-1,-1,0,,0,False,3.4.5,9902
80b8961f-be15-46e8-98e6-4c7fd0628bcc,4,0,-1,-1,0,,0,False,3.4.5,9903
80b9e397-5a65-4de1-a81a-81f3bb765fbe,2,0,-1,-1,0,,0,False,3.4.5,9904
8d25658c-88a3-49e7-884f-fb6765e2955e,452,1,-1,-1,3,,0,False,3.4.5,9905
80facb43-91d5-4f7e-ab08-afb1fc8a1328,19,8,1,7,1,,0,False,3.4.5,9906
814fde05-fc4f-472d-a39a-eaa12f964938,49,2,1,1,9,,0,False,3.4.5,9907
82199592-9205-411f-84d1-7bd9fc800b77,3,0,-1,-1,0,,0,False,3.4.5,9908
821e2957-5677-4992-9215-d2fc7fcc2d60,18,2,1,1,7,,0,False,3.4.5,9909
8262825c-164c-4246-b9dd-8a3f7ccc4817,188,2,1,1,8,,0,False,3.4.5,9910
82dee68d-39cb-4de2-b54e-aec09640202f,21,2,2,0,1,,0,False,3.4.5,9911
83b91ad7-4f10-44f4-90eb-302f680249cb,177,3,2,1,44,,0,False,3.4.5,9912
83bbf311-011c-4cf3-a4b2-7c8f9f5129c1,41,2,1,1,7,,0,False,3.4.5,9913
85745e79-dd71-4c32-aca7-8a2b4cc783c3,1,0,-1,-1,0,,0,False,3.4.5,9914
ee707ff7-69a4-4227-952f-53a98dfb5c39,3,1,-1,-1,6,,0,False,3.4.5,9915
85828de2-5ad0-4e26-b766-a67865613422,72,8,1,7,16823,,0,False,3.4.5,9916
85cb5267-43d2-46af-9f61-7fb60278a194,3,0,-1,-1,0,,0,False,3.4.5,9917
85dc13af-b3f5-40c2-ae92-e4aa5a797c0f,20,8,1,7,1,,0,False,3.4.5,9918
85fffef0-4dbf-406f-b5f4-00e9dd91b111,54,2,1,1,9,,0,False,3.4.5,9919
86970ff7-b9f3-4230-a7bd-60e3e7f505c5,424,66,6,112,3365,,0,False,3.4.5,9920
86fe7521-875b-4e1b-a1c2-586068f515c4,11819,3,34,1,35,,0,False,3.4.5,9921
87e9a7a1-cb85-41f3-abc9-7bd864852d6c,2,0,-1,-1,0,,0,False,3.4.5,9922
88281d85-d4d0-4b12-9a4f-f7fe48934ad0,41,2,1,1,9,,0,False,3.4.5,9923
886fbec1-e989-4d5b-8751-b8dac6def3cb,16,1,1,0,1,,0,False,3.4.5,9924
889d5bd3-e4a0-4759-82d5-5bf94c7f43c8,3,0,-1,-1,0,,0,False,3.4.5,9925
88d9ad51-c343-4c7c-ba54-62a906e07879,13,1,1,0,1,,0,False,3.4.5,9926
88ecb9ad-da21-4671-bad7-3bb3c544b819,4,0,-1,-1,0,,0,False,3.4.5,9927
8a3a1312-23e6-4f88-b558-a915af942caf,304,25,5,20,89,,0,False,3.4.5,9928
8c08016c-3b07-4a88-9473-03b6a54988cb,3,0,-1,-1,0,,0,False,3.4.5,9929
8c6f00e8-e048-4dea-a047-b2f659d6d8f6,1,0,-1,-1,0,,0,False,3.4.5,9930
7d9ad4de-e326-4116-a272-a881022bd1e7,3,1,-1,-1,482,,0,False,3.4.5,9931
8d6f7193-9292-4019-914a-b880c02f4539,3,0,-1,-1,0,,0,False,3.4.5,9932
8ead8353-7f61-4cea-80d5-99bd0f767d67,4,0,-1,-1,0,,0,False,3.4.5,9933
8efe04c7-8c7e-405b-8e4a-fe762c4e15af,4,0,-1,-1,0,,0,False,3.4.5,9934
9018c6b1-cb8c-480f-9e0a-3e5d4a31110a,60,2,1,1,5,,0,False,3.4.5,9935
9095f620-ed22-4800-bc32-ee68bff801a4,180,2,1,1,44,,0,False,3.4.5,9936
910095c2-13b4-4e3a-a33f-a88242c8f246,2082,3,20,1,21,,0,False,3.4.5,9937
9536c92c-ee14-4175-9a6c-3dea4d3a92a3,1,0,-1,-1,0,,0,False,3.4.5,9938
7a6c8b0e-de32-435a-95e8-e7c00734e4a0,162,1,-1,-1,3,,0,False,3.4.5,9939
95734d30-8731-4974-a15f-08af60c85e10,3,0,-1,-1,0,,0,False,3.4.5,9940
95c40996-1f8c-4775-a44e-189ff9bb272c,29,2,1,1,3,,0,False,3.4.5,9941
96832430-a304-4967-a1a0-5ec558555a0d,2,0,-1,-1,0,,0,False,3.4.5,9942
96dde110-6ac9-43f3-9808-652f3832d1b9,2,0,-1,-1,0,,0,False,3.4.5,9943
9762d13d-4a0a-49fa-b3fa-0f79775f5cfc,109,9,8,1,4,,0,False,3.4.5,9944
976bf818-147e-49eb-a463-ec4ad10d59b4,3,0,-1,-1,0,,0,False,3.4.5,9945
97b7b6e2-d0a9-4145-8ad0-8498455eb249,202,4,3,1,3,,0,False,3.4.5,9946
97bb3dd5-cf1c-45e9-b353-774c4ee2a4fb,2,0,-1,-1,0,,0,False,3.4.5,9947
987b447a-6d7c-469f-b363-2572721a2bbb,148,10,10,0,1,,0,False,3.4.5,9948
992a30c9-9e45-4615-ab00-2211418a0bce,2,0,-1,-1,0,,0,False,3.4.5,9949
9b28309f-8225-426c-be35-13e85b83084a,3,0,-1,-1,0,,0,False,3.4.5,9950
9bf255fe-4a4f-47ff-bca9-227806417249,24,1,1,0,1,,0,False,3.4.5,9951
9c5fdf8e-01ea-49b0-a512-43bcb428eed4,2,0,-1,-1,0,,0,False,3.4.5,9952
9cd9e7af-fc10-4a95-bf2f-5566861eef57,2,0,-1,-1,0,,0,False,3.4.5,9953
9e3291a4-f0e9-4662-8847-5f291bb88d8d,3,0,-1,-1,0,,0,False,3.4.5,9954
9e65d256-2987-474a-8e70-87d9b6d23f25,2,0,-1,-1,0,,0,False,3.4.5,9955
9ff2921f-f7c1-49cf-87c3-300be8a156a1,2,0,-1,-1,0,,0,False,3.4.5,9956
a01c9cf9-4941-48d8-b637-a19defe62ffd,8,1,1,0,1,,0,False,3.4.5,9957
a1f15810-3330-4dd6-b0be-a0eac900bc82,105,9,8,1,6,,0,False,3.4.5,9958
a30432a4-2a5d-40c9-8abe-d4b3f9ea6c2c,3,0,-1,-1,0,,0,False,3.4.5,9959
a3299ca9-263d-41cf-827f-c3d374f47092,171,5,4,1,9,,0,False,3.4.5,9960
a561c4eb-1bb0-4f2b-bfd4-386dec18b8eb,173,2,1,1,44,,0,False,3.4.5,9961
a56e8ed8-64ee-4714-a37c-04f0d35320e7,14,1,1,0,1,,0,False,3.4.5,9962
a5df6a1b-d67f-4296-a68c-b807d324c435,2,0,-1,-1,0,,0,False,3.4.5,9963
a5ea3e6d-8df7-4f00-a4ba-79c592b30fd8,624,63,6,90,16823,,0,False,3.4.5,9964
a69ea32a-e65c-4f51-a82f-9812ce7a1696,2,0,-1,-1,0,,0,False,3.4.5,9965
a6eca9a7-49c8-485e-828f-db66900987ab,40,5,4,1,6,,0,False,3.4.5,9966
a6fc371c-b0a1-4735-b0f0-10f05db10241,70,8,1,7,16823,,0,False,3.4.5,9967
a80a0484-8708-40e3-b3a0-00fac2a87d87,3,0,-1,-1,0,,0,False,3.4.5,9968
a882f15a-879e-4b98-9322-7a0e0d97e97c,1,0,-1,-1,0,,0,False,3.4.5,9969
01093dd7-8c33-4d1b-b6e0-18b1742a9e4e,1,1,-1,-1,7,,0,False,3.4.5,9970
a93915c0-d814-4d00-b566-1717b8d7053f,3,0,-1,-1,0,,0,False,3.4.5,9971
a9c7919e-ee37-4eb3-8cc8-d8ae7e530bb6,3,0,-1,-1,0,,0,False,3.4.5,9972
a9d47f62-9214-4329-a16c-5e5f3d23edcc,2,0,-1,-1,0,,0,False,3.4.5,9973
aa2e259d-eae9-4c47-adb8-1b16011c4d84,22,1,1,0,1,,0,False,3.4.5,9974
ab0e84d1-820e-42ae-bdf0-99d3e74e647a,18,8,1,7,1,,0,False,3.4.5,9975
abc218cc-af9a-4630-a6b7-fde3d99f488c,12,2,1,1,10,,0,False,3.4.5,9976
ad17911a-a54f-4f71-8b05-fc444f58e0fe,727,6,6,0,1,,0,False,3.4.5,9977
ad706e3c-b454-4e58-823b-6c0bc7b4d2ae,2,0,-1,-1,0,,0,False,3.4.5,9978
b1a795c3-67c4-440b-93a7-7f14a8dfb339,528,95,5,2,9,,0,False,3.4.5,9979
b2386230-6bc3-4ed8-a35d-1c099f8397f3,2,0,-1,-1,0,,0,False,3.4.5,9980
b36a2e41-6dd0-4831-9279-42b2cc4d9822,3,1,1,0,1,,0,False,3.4.5,9981
b3a092b5-38e7-4569-b49a-198c2575b1f9,3,0,-1,-1,0,,0,False,3.4.5,9982
b3cb0874-3711-45d8-aaad-feff3be42a47,53,2,1,1,7,,0,False,3.4.5,9983
b4fa08ef-f38a-4f8a-9436-f3de9b492788,147,6,5,1,8,,0,False,3.4.5,9984
b57d84f6-02c3-40b8-b5f8-e29c7f896bc1,3,0,-1,-1,0,,0,False,3.4.5,9985
b64c6c10-9ad2-4571-af3b-ffeefd3db499,67,2,1,1,7,,0,False,3.4.5,9986
b713516e-25fa-48ef-afe0-dfeefcb4b3e8,3,0,-1,-1,0,,0,False,3.4.5,9987
b71c1622-6d9e-4247-862f-7cb05b590ce2,2,0,-1,-1,0,,0,False,3.4.5,9988
b7a209e1-e069-4045-bce9-7ceb26099f04,2,0,-1,-1,0,,0,False,3.4.5,9989
b7acb5ee-99cf-46df-9f44-e6a81b96af1f,44,2,1,1,7,,0,False,3.4.5,9990
b82efe54-820b-41f8-a22a-a2f89b3b2b91,564,47,5,2,17,,0,False,3.4.5,9991
b85d8e37-ae03-4513-8910-c180f8ff69b2,41,2,1,1,7,,0,False,3.4.5,9992
b97be58e-afa1-4e96-8e2a-fdce46695552,2,0,-1,-1,0,,0,False,3.4.5,9993
baf430b1-9023-4334-a0b5-cef2ddead554,456,0,-1,-1,0,,0,False,3.4.5,9994
bb00632c-3e78-42a1-924b-50a7e16f46e2,45,2,1,1,7,,0,False,3.4.5,9995
bb9b228f-b3b3-4972-8ea7-ee7bdc6b0f2e,2,0,-1,-1,0,,0,False,3.4.5,9996
bba1367f-42cf-4b5c-a964-3a63d20c0b0e,190,3,2,1,14,,0,False,3.4.5,9997
bcd5554a-6c7e-444b-ae43-547eb1badd42,4,0,-1,-1,0,,0,False,3.4.5,9998
bce56f06-5858-4742-8a9d-060fbfe831f0,2,0,-1,-1,0,,0,False,3.4.5,9999
bd1a7031-95a1-430f-a5c7-dde1651f83d2,2,0,-1,-1,0,,0,False,3.4.5,10000
be658945-5798-438a-8ca8-950e0215af04,19,2,1,1,9,,0,False,3.4.5,10001
be847bc4-3b28-4fe2-82a0-88e350a928c8,2,0,-1,-1,0,,0,False,3.4.5,10002
bf44d83a-44ca-42f5-92f8-9106ebabe11f,70,9,1,13,16823,,0,False,3.4.5,10003
bf90fbf2-3afd-4b87-aa72-ca1dd9ee5822,4,0,-1,-1,0,,0,False,3.4.5,10004
bfd912f3-5963-4ecd-9c35-d5c6006e8cf9,18,2,1,1,7,,0,False,3.4.5,10005
bfefcbb8-d1c0-4f87-b0e3-fffc3b291d19,2,0,-1,-1,0,,0,False,3.4.5,10006
c0b6f304-96e7-4180-878f-12bf1bc88c23,282,7,6,1,9,,0,False,3.4.5,10007
c2affa67-ccfd-459f-9d43-34f6ad4a83e0,2,0,-1,-1,0,,0,False,3.4.5,10008
c367ba27-7d23-4d36-9854-87e15edd2729,2,0,-1,-1,0,,0,False,3.4.5,10009
c482dc48-2ff7-44ee-971f-a15c3e2fb181,2,0,-1,-1,0,,0,False,3.4.5,10010
c532b995-fc21-4f20-9de7-c7bf820063b2,63,9,1,13,16823,,0,False,3.4.5,10011
c7a7e049-b0e1-42b6-9de1-f4ad0dbdd691,2,0,-1,-1,0,,0,False,3.4.5,10012
b993ae3f-ea10-4ec3-8239-6d6a153609cc,1,1,-1,-1,7,,0,False,3.4.5,10013
c84ec636-8f18-4e42-b03f-119e71901bdd,1,0,-1,-1,0,,0,False,3.4.5,10014
2d9d1949-298b-4973-9f33-13c6be1014d5,2,1,-1,-1,7,,0,False,3.4.5,10015
ca91dfd3-877d-483c-904e-bbcc44bd65f3,2,1,1,0,1,,0,False,3.4.5,10016
ccdfc584-abae-4bcd-bcc9-cef2bb4c469e,12,2,2,0,1,,0,False,3.4.5,10017
cce0a25d-3ed5-4503-8410-885b435165f1,2,1,1,0,1,,0,False,3.4.5,10018
cedc5567-c1c3-4220-bd82-0fc69c609a14,79,17,7,10,69,,0,False,3.4.5,10019
d1452ff9-ec03-4252-8369-ff3b56239f9f,2,0,-1,-1,0,,0,False,3.4.5,10020
d3a837bf-db60-43a5-9eb2-e507887b5bef,2,0,-1,-1,0,,0,False,3.4.5,10021
d3e10aba-6145-4e5b-bb98-a08917cd3c72,4,0,-1,-1,0,,0,False,3.4.5,10022
d492863d-60c8-4a56-8a1a-8c676504378d,68,9,1,13,16823,,0,False,3.4.5,10023
d553c2d7-4d89-4972-9644-8a30e7eff635,34,2,1,1,3,,0,False,3.4.5,10024
d5e96460-3c6a-49d7-befa-bc8e885b4a88,7,2,1,1,7,,0,False,3.4.5,10025
d7167061-fac9-4955-bfef-baf5162c5052,8,1,1,0,1,,0,False,3.4.5,10026
d74cdbd8-2b87-4959-b39b-6dcd44ee3d63,45,14,2,2,4,,0,False,3.4.5,10027
d7c88436-75e4-40a5-811c-0d370726071a,2,0,-1,-1,0,,0,False,3.4.5,10028
d80222cf-7107-423b-9072-0eb096a7c519,2,0,-1,-1,0,,0,False,3.4.5,10029
d8eba2ba-f3e9-4349-b752-ca3c130b948b,3,0,-1,-1,0,,0,False,3.4.5,10030
d90cc548-7dc8-4493-a049-6dd72bc40102,2,0,-1,-1,0,,0,False,3.4.5,10031
d9b7e0ba-78cc-4179-9b7a-bc0001b8855d,2,0,-1,-1,0,,0,False,3.4.5,10032
dad0f1d1-e9b4-409b-8279-efb85415f448,2,0,-1,-1,0,,0,False,3.4.5,10033
dad3b625-17bd-4eac-bcf8-8bbd5492dd58,2,0,-1,-1,0,,0,False,3.4.5,10034
db62af74-3e7c-4be9-9d12-5791b0c7f61c,6,2,1,1,7,,0,False,3.4.5,10035
dba85174-7e19-4be1-b490-4d039f0866d0,11,1,1,0,1,,0,False,3.4.5,10036
dbb81e03-cecd-494e-8f7a-7e1d5dca973d,61,8,1,7,16823,,0,False,3.4.5,10037
dbcb8ef9-62b9-4de8-861b-af9f9380c69d,146,2,1,1,44,,0,False,3.4.5,10038
dbed716e-6fd2-45c1-b5c4-ecea56fbfaf2,1,0,-1,-1,0,,0,False,3.4.5,10039
e23e2289-0ce6-4e6e-9d1c-bb594577734b,129,1,-1,-1,3,,0,False,3.4.5,10040
dc06596d-d57b-42cd-94e7-b90a5c9e3c63,3,3,3,0,1,,0,False,3.4.5,10041
dccbd770-56ab-4ef6-8756-0b22419d3206,2,0,-1,-1,0,,0,False,3.4.5,10042
dfe6169f-01f3-4002-ba3d-f34aa5ecce1c,852,9,9,0,1,,0,False,3.4.5,10043
e01f0352-5f75-487b-80e6-a53875f46ba0,2,0,-1,-1,0,,0,False,3.4.5,10044
e0496fac-4ebf-4eb4-98e0-83c5694c34c5,18,8,1,7,1,,0,False,3.4.5,10045
e1a34348-e945-4675-a4bb-4f7f5a0a8574,2,0,-1,-1,0,,0,False,3.4.5,10046
e1d16b44-a9fc-4b6c-892a-08691cbc5b13,241,0,-1,-1,0,,0,False,3.4.5,10047
e242ca2b-171c-44e6-90ee-ed17da2b309f,1,0,-1,-1,0,,0,False,3.4.5,10048
14baac40-b5f6-4877-967f-ea27e775d8b1,32,1,-1,-1,1895,,0,False,3.4.5,10049
e258ca01-709e-4077-8272-704d30ac4151,2,0,-1,-1,0,,0,False,3.4.5,10050
e294fcdb-7858-462e-b98a-e3f9461eb1a2,13,1,1,0,1,,0,False,3.4.5,10051
e3be8fc3-9f26-4523-822d-30db75119b34,1,0,-1,-1,0,,0,False,3.4.5,10052
58286937-23bb-4be3-8caf-d5ec7b7e3539,4594,1,-1,-1,3,,0,False,3.4.5,10053
e3c1f3b8-5777-4c4f-8651-79cc9e6a2591,2056,37,8,48,2058,,0,False,3.4.5,10054
e6d4e9b8-e86c-4902-8009-9eaf2004a3ab,3,0,-1,-1,0,,0,False,3.4.5,10055
e75e6e2a-3e88-4f73-9645-cc3e7fff46d6,181,6,5,1,44,,0,False,3.4.5,10056
e7ac67c7-f9e0-4c26-97c3-ab87368ba153,8,10,10,0,1,,0,False,3.4.5,10057
e8e6cf58-e2ec-431b-8003-8b6d734d4a47,1159,332,8,3,70,,0,False,3.4.5,10058
e9299a46-fa99-4658-aff7-3b81590748e3,45,0,1,2,20,,0,False,3.4.5,10059
e9e0380c-c68b-497b-8454-a64456734c16,5,0,-1,-1,0,,0,False,3.4.5,10060
eb5d226f-9b9f-47c8-ab89-f2cf6c224822,20,2,1,1,7,,0,False,3.4.5,10061
eb8b9c8d-f4c8-4b52-af28-612a8234697e,3,0,-1,-1,0,,0,False,3.4.5,10062
ebe9577e-05a4-42e7-a7a3-0d1d961a27c6,17,2,2,0,1,,0,False,3.4.5,10063
eec9fec3-a941-4b1f-be47-638a748c144a,3,0,-1,-1,0,,0,False,3.4.5,10064
f058b0c1-11d2-4a7c-bdbe-5dfaa490c30e,2,0,-1,-1,0,,0,False,3.4.5,10065
f0a1142e-8f8a-4909-bb2e-bb139f73d1a1,17,2,2,0,1,,0,False,3.4.5,10066
f16ec3bb-35a1-48e8-8ca8-217580b19e9a,3,0,-1,-1,0,,0,False,3.4.5,10067
f1db35b9-461d-43d4-9a78-3366d63635f7,3,0,-1,-1,0,,0,False,3.4.5,10068
f2866e5e-855b-4241-8476-c4462023c411,15,2,2,0,1,,0,False,3.4.5,10069
f28b160f-271e-4153-b8ec-466877a095ec,15,2,2,0,1,,0,False,3.4.5,10070
f321fd58-ede7-4d43-a41e-882b22ea3178,70,8,1,7,16823,,0,False,3.4.5,10071
f65e2994-e284-4c0f-9f5e-9582a21c92e1,2,0,-1,-1,0,,0,False,3.4.5,10072
f7396838-db49-43a5-b815-b8dcc4dd3128,76,9,1,13,16823,,0,False,3.4.5,10073
f73987a0-73c5-4c4c-8d52-b374bdcd4b82,2,0,-1,-1,0,,0,False,3.4.5,10074
f8db41a1-4f65-4b9c-aa7e-ee6bcfcca86e,3,0,-1,-1,0,,0,False,3.4.5,10075
faf4cd2d-244f-45f1-b5ea-2d9f1abe436d,39,0,1,2,46,,0,False,3.4.5,10076
fb1c6271-8ce2-4e35-bd43-3386aa6d7806,2,0,-1,-1,0,,0,False,3.4.5,10077
fbcadd5b-6d5e-463a-bc51-99874e6cbf7c,725,6,6,0,1,,0,False,3.4.5,10078
fc101ba6-34ae-4137-aefa-cd2c665a2f43,3,0,-1,-1,0,,0,False,3.4.5,10079
fce3c0ff-857e-4512-a446-3d1f8f3bed8d,361,20,20,2,8,,0,False,3.4.5,10080
fce6780b-bb34-4f25-b70a-f871c751fb13,190,3,2,1,61,,0,False,3.4.5,10081
fd11dd20-121e-4dce-ae12-f75d97504bbb,1,0,-1,-1,0,,0,False,3.4.5,10082
ae28f3be-16b7-433e-9581-2168fab82bb3,129,1,-1,-1,3,,0,False,3.4.5,10083
fe7b2c21-bd69-4ef4-850a-53288e55c98d,885,629,8,3,37,,0,False,3.4.5,10084
9f273d2b-9986-4ab7-8fdb-041933fdb0d2,8,1,1,0,1,,0,False,3.4.5,10085
480ae6d0-901d-4c78-a16e-a3753be9611f,895,3,33,1,34,,0,False,3.4.5,10086
95500fb4-fa41-4f23-8346-877164550682,5417,25,26,3,61,,0,False,3.4.5,10087
