SheetId,ObjectId,IsMissingObject,QsdaVersion,MetaId
010844d6-8576-4ac3-806d-585e14afa503,850bc639-a858-4fb2-8867-c8cdad4fe20a,False,3.4.5,1858
010844d6-8576-4ac3-806d-585e14afa503,345e87c3-0bbb-4e60-b274-2dfec7de9c71,False,3.4.5,1859
010844d6-8576-4ac3-806d-585e14afa503,a93071c3-ab9b-4574-ad26-f5591a2c52a3,False,3.4.5,1860
010844d6-8576-4ac3-806d-585e14afa503,f2d2a070-37b7-4abb-80bc-53c21a6c04b5,False,3.4.5,1861
010844d6-8576-4ac3-806d-585e14afa503,e7383ded-4ca0-4bd0-ba00-310485f87105,False,3.4.5,1862
010844d6-8576-4ac3-806d-585e14afa503,77148895-ef5a-48d7-a6cf-9f010a4ccca4,False,3.4.5,1863
010844d6-8576-4ac3-806d-585e14afa503,2fb7948c-cfb0-4e8a-8db3-d24545238443,False,3.4.5,1864
010844d6-8576-4ac3-806d-585e14afa503,2eee660c-ea74-4752-8a8a-98719a18e5ce,False,3.4.5,1865
010844d6-8576-4ac3-806d-585e14afa503,390a4173-cce6-4921-a3ad-927e18e66cb3,False,3.4.5,1866
010844d6-8576-4ac3-806d-585e14afa503,JhDtpQC,False,3.4.5,1867
010844d6-8576-4ac3-806d-585e14afa503,PZJUsFj,False,3.4.5,1868
010844d6-8576-4ac3-806d-585e14afa503,fXahK,False,3.4.5,1869
1b7e60bb-c475-4922-a4f8-2c9c4b89fbb5,d18f14f2-6508-4b32-89e0-5c5174071bba,False,3.4.5,1870
1b7e60bb-c475-4922-a4f8-2c9c4b89fbb5,6087381a-ef45-43e4-a1c2-1c12dc3c6b96,False,3.4.5,1871
1b7e60bb-c475-4922-a4f8-2c9c4b89fbb5,PArmmDn,False,3.4.5,1872
1b7e60bb-c475-4922-a4f8-2c9c4b89fbb5,jsLLmsP,False,3.4.5,1873
1b7e60bb-c475-4922-a4f8-2c9c4b89fbb5,YYTjeX,False,3.4.5,1874
1b7e60bb-c475-4922-a4f8-2c9c4b89fbb5,qtDsgCB,False,3.4.5,1875
1b7e60bb-c475-4922-a4f8-2c9c4b89fbb5,kTxNeX,False,3.4.5,1876
1b7e60bb-c475-4922-a4f8-2c9c4b89fbb5,cGmdxs,False,3.4.5,1877
1b7e60bb-c475-4922-a4f8-2c9c4b89fbb5,fa1e88ee-d781-4c0b-9dd2-ebd10b9ad10e,False,3.4.5,1878
1b7e60bb-c475-4922-a4f8-2c9c4b89fbb5,2c68fbaf-d90a-4cce-bfca-6b04493744e9,False,3.4.5,1879
1b7e60bb-c475-4922-a4f8-2c9c4b89fbb5,wHyhyq,False,3.4.5,1880
1b7e60bb-c475-4922-a4f8-2c9c4b89fbb5,NdLnCMZ,False,3.4.5,1881
1b7e60bb-c475-4922-a4f8-2c9c4b89fbb5,JLZpmX,False,3.4.5,1882
3c65849c-a82a-4180-85b3-febe540f3e81,b7f2e33a-da0d-4877-b3fa-f88a121a9de3,False,3.4.5,1883
3c65849c-a82a-4180-85b3-febe540f3e81,f70ad8f0-fc9e-4fe8-8a76-c2af0175041e,False,3.4.5,1884
3c65849c-a82a-4180-85b3-febe540f3e81,a50b485b-0cc4-4ffa-8a40-6e2e3edea613,False,3.4.5,1885
3c65849c-a82a-4180-85b3-febe540f3e81,fbauUhG,False,3.4.5,1886
3c65849c-a82a-4180-85b3-febe540f3e81,LuPpBur,False,3.4.5,1887
3c65849c-a82a-4180-85b3-febe540f3e81,1d2da243-ad99-4da7-8cdd-0ea75cd75b22,False,3.4.5,1888
3c65849c-a82a-4180-85b3-febe540f3e81,1d1f84b8-250b-4666-831a-ae2a643fa48b,False,3.4.5,1889
3c65849c-a82a-4180-85b3-febe540f3e81,daFAe,False,3.4.5,1890
3c65849c-a82a-4180-85b3-febe540f3e81,BmpWy,False,3.4.5,1891
476fa677-4840-4007-8954-4d6ce5c472bf,9a9618d8-ee0f-4d2f-8eff-fdf5e8a69984,False,3.4.5,1892
476fa677-4840-4007-8954-4d6ce5c472bf,faba13aa-4e26-4043-851b-40136c67a07c,False,3.4.5,1893
476fa677-4840-4007-8954-4d6ce5c472bf,3315c6b7-c506-4b88-a947-965f7b18b7fa,False,3.4.5,1894
476fa677-4840-4007-8954-4d6ce5c472bf,067718b9-ee44-4bf0-8292-7a1c34dde964,False,3.4.5,1895
476fa677-4840-4007-8954-4d6ce5c472bf,cPbhLRH,False,3.4.5,1896
476fa677-4840-4007-8954-4d6ce5c472bf,c6def5e1-de3e-4425-ae2e-3f4262a0494b,False,3.4.5,1897
476fa677-4840-4007-8954-4d6ce5c472bf,ac828a8b-7709-439c-8b8f-510d9a801f00,False,3.4.5,1898
476fa677-4840-4007-8954-4d6ce5c472bf,qNdFQ,False,3.4.5,1899
476fa677-4840-4007-8954-4d6ce5c472bf,ukjnh,False,3.4.5,1900
58b57188-4641-4d9d-b40e-7b22fc8cecc6,04556587-3bca-4831-9197-f02ce04d93e5,False,3.4.5,1901
58b57188-4641-4d9d-b40e-7b22fc8cecc6,1c191293-3782-47f0-8254-a211a74569c9,False,3.4.5,1902
58b57188-4641-4d9d-b40e-7b22fc8cecc6,UXDpvS,False,3.4.5,1903
58b57188-4641-4d9d-b40e-7b22fc8cecc6,TMDYyTp,False,3.4.5,1904
58b57188-4641-4d9d-b40e-7b22fc8cecc6,fmLYpEQ,False,3.4.5,1905
83e0ca73-adb3-4c36-968f-a150fb3c005f,4dd9a17e-4d7d-430a-9149-ca51978b6e68,False,3.4.5,1906
83e0ca73-adb3-4c36-968f-a150fb3c005f,1a9671b8-4ad2-4e57-9435-5fa6a0a4feaf,False,3.4.5,1907
83e0ca73-adb3-4c36-968f-a150fb3c005f,205d73e9-1300-4a28-a73d-28c6569d2766,False,3.4.5,1908
83e0ca73-adb3-4c36-968f-a150fb3c005f,144ddf6e-69f9-448e-9f82-64af90a5560e,False,3.4.5,1909
83e0ca73-adb3-4c36-968f-a150fb3c005f,e7dbe2d5-b77a-476a-ae06-90afd564dcc6,False,3.4.5,1910
83e0ca73-adb3-4c36-968f-a150fb3c005f,22874e9e-3b61-4c20-8ddd-62a8b2386bfa,False,3.4.5,1911
83e0ca73-adb3-4c36-968f-a150fb3c005f,6a0c8ca1-1c3b-4c38-9887-180830cbae0e,False,3.4.5,1912
83e0ca73-adb3-4c36-968f-a150fb3c005f,9ccffa6c-6908-49b3-9691-938d62f4f052,False,3.4.5,1913
83e0ca73-adb3-4c36-968f-a150fb3c005f,2ea35e27-47d6-4eb2-b949-eda15927ea91,False,3.4.5,1914
83e0ca73-adb3-4c36-968f-a150fb3c005f,b11be7ab-82f7-4737-833e-33a020090a48,False,3.4.5,1915
83e0ca73-adb3-4c36-968f-a150fb3c005f,LJJat,False,3.4.5,1916
83e0ca73-adb3-4c36-968f-a150fb3c005f,2cd0dddb-dd12-4a9e-9461-1110ce81ae6a,False,3.4.5,1917
83e0ca73-adb3-4c36-968f-a150fb3c005f,bb8c8dcb-7c8c-4e17-a6e6-d690ec0ef062,False,3.4.5,1918
83e0ca73-adb3-4c36-968f-a150fb3c005f,AyRQaQk,False,3.4.5,1919
83e0ca73-adb3-4c36-968f-a150fb3c005f,ZKAsKm,False,3.4.5,1920
83e0ca73-adb3-4c36-968f-a150fb3c005f,hEmYVM,False,3.4.5,1921
83e0ca73-adb3-4c36-968f-a150fb3c005f,NFjuJm,False,3.4.5,1922
9e40861a-280a-4315-a241-346e8393458e,27ec3a96-db3d-45dc-85db-8931b8519ad9,False,3.4.5,1923
9e40861a-280a-4315-a241-346e8393458e,d37ddd96-0880-40c1-9ac0-526b8290ceea,False,3.4.5,1924
9e40861a-280a-4315-a241-346e8393458e,71af1d90-ed49-45c4-b49e-af9056d9e7b5,False,3.4.5,1925
9e40861a-280a-4315-a241-346e8393458e,553aaeeb-48f4-4b7b-a1fe-6ff2a1e1b8ff,False,3.4.5,1926
9e40861a-280a-4315-a241-346e8393458e,AXpvhK,False,3.4.5,1927
9e40861a-280a-4315-a241-346e8393458e,0ca37cf5-9468-4d02-bd99-76eb72c5075b,False,3.4.5,1928
9e40861a-280a-4315-a241-346e8393458e,c909c0f8-7c98-49e1-8153-edf743266723,False,3.4.5,1929
9e40861a-280a-4315-a241-346e8393458e,Knfh,False,3.4.5,1930
9e40861a-280a-4315-a241-346e8393458e,9c1d7cb7-b4d0-42c7-861f-b742b997a481,False,3.4.5,1931
9e40861a-280a-4315-a241-346e8393458e,b9d680f1-ca6d-44bc-8ac5-5ae5de7eb7be,False,3.4.5,1932
9e40861a-280a-4315-a241-346e8393458e,SKEFXV,False,3.4.5,1933
9e40861a-280a-4315-a241-346e8393458e,1777d551-0708-4bce-a27f-a1e8133de7fd,False,3.4.5,1934
9e40861a-280a-4315-a241-346e8393458e,c0b6ec0c-a8a8-4b02-9e38-4774efdf4177,False,3.4.5,1935
9e40861a-280a-4315-a241-346e8393458e,AksmGG,False,3.4.5,1936
9e40861a-280a-4315-a241-346e8393458e,mXjyJ,False,3.4.5,1937
HaKkDSY,VTZAWtP,False,3.4.5,1938
HaKkDSY,mWHUJpv,False,3.4.5,1939
RErxppg,jQDAqGd,False,3.4.5,1940
RErxppg,jZqmjmh,False,3.4.5,1941
RErxppg,54a4e17d-632f-442e-9328-0da1728b051e,False,3.4.5,1942
RErxppg,f8371fa7-ac7d-47d3-8bf7-110b4535ef2e,False,3.4.5,1943
RErxppg,QPq,False,3.4.5,1944
RErxppg,0ca37cf5-9468-4d02-bd99-76eb72c5075b,False,3.4.5,1945
RErxppg,c909c0f8-7c98-49e1-8153-edf743266723,False,3.4.5,1946
RErxppg,DGmDaR,False,3.4.5,1947
RErxppg,9c1d7cb7-b4d0-42c7-861f-b742b997a481,False,3.4.5,1948
RErxppg,b9d680f1-ca6d-44bc-8ac5-5ae5de7eb7be,False,3.4.5,1949
RErxppg,FZtGutt,False,3.4.5,1950
RErxppg,1777d551-0708-4bce-a27f-a1e8133de7fd,False,3.4.5,1951
RErxppg,c0b6ec0c-a8a8-4b02-9e38-4774efdf4177,False,3.4.5,1952
RErxppg,JeYVKb,False,3.4.5,1953
RErxppg,ywWQNz,False,3.4.5,1954
a306217b-be8d-4f68-9adb-7ce8ab0fb851,6811c629-5194-40d4-bd25-1faab1aad158,False,3.4.5,1955
a306217b-be8d-4f68-9adb-7ce8ab0fb851,94c675f3-e0ee-4ec8-97d0-aa74c83bb905,False,3.4.5,1956
a306217b-be8d-4f68-9adb-7ce8ab0fb851,38fa61a4-ad90-4914-9b9c-f6e175c47b05,False,3.4.5,1957
a306217b-be8d-4f68-9adb-7ce8ab0fb851,knCqQ,False,3.4.5,1958
a306217b-be8d-4f68-9adb-7ce8ab0fb851,39839bee-468f-4752-b69c-6c39d7cb8fae,False,3.4.5,1959
a306217b-be8d-4f68-9adb-7ce8ab0fb851,53613de6-751c-447a-9791-439a61d151ef,False,3.4.5,1960
a306217b-be8d-4f68-9adb-7ce8ab0fb851,02e84b5b-e145-4307-baa1-3853b49b313c,False,3.4.5,1961
a306217b-be8d-4f68-9adb-7ce8ab0fb851,BJhZWY,False,3.4.5,1962
a306217b-be8d-4f68-9adb-7ce8ab0fb851,AmPncb,False,3.4.5,1963
a306217b-be8d-4f68-9adb-7ce8ab0fb851,42286e1b-6c51-4b4c-b875-8cedabb6badd,False,3.4.5,1964
a306217b-be8d-4f68-9adb-7ce8ab0fb851,2958973b-96f8-43d5-a273-3f897dae622d,False,3.4.5,1965
a306217b-be8d-4f68-9adb-7ce8ab0fb851,f0b16574-d542-4119-987c-f99316746d26,False,3.4.5,1966
a306217b-be8d-4f68-9adb-7ce8ab0fb851,49bcfaea-68cf-4ffe-816c-c35ed9603bf0,False,3.4.5,1967
a306217b-be8d-4f68-9adb-7ce8ab0fb851,e8e8ecce-9ee0-4d38-9059-1e9c72f62512,False,3.4.5,1968
a306217b-be8d-4f68-9adb-7ce8ab0fb851,45e47f29-a447-4a24-96d1-1c8ee50f39ae,False,3.4.5,1969
a306217b-be8d-4f68-9adb-7ce8ab0fb851,f70b19ba-d6c7-45f2-b443-c00996589b4c,False,3.4.5,1970
a306217b-be8d-4f68-9adb-7ce8ab0fb851,84b4e3d3-4a7a-428b-9f63-ba226b2b03bf,False,3.4.5,1971
a306217b-be8d-4f68-9adb-7ce8ab0fb851,b9e7f875-20cb-46c1-86b4-e8b0453173e5,False,3.4.5,1972
a306217b-be8d-4f68-9adb-7ce8ab0fb851,apDPDzJ,False,3.4.5,1973
a306217b-be8d-4f68-9adb-7ce8ab0fb851,c51c1cd5-9f63-471d-8b73-9f3d5b447dc0,False,3.4.5,1974
a306217b-be8d-4f68-9adb-7ce8ab0fb851,e12cb5d6-42b8-44fc-b707-4045a5f72e8b,False,3.4.5,1975
a306217b-be8d-4f68-9adb-7ce8ab0fb851,9a2059b9-c8a3-44bb-aa1e-c779a9581478,False,3.4.5,1976
a306217b-be8d-4f68-9adb-7ce8ab0fb851,54707ad5-ea6c-445e-b660-cc443f397a0f,False,3.4.5,1977
a306217b-be8d-4f68-9adb-7ce8ab0fb851,86cabe02-a679-40cb-9e00-2a73e429cbdb,False,3.4.5,1978
a306217b-be8d-4f68-9adb-7ce8ab0fb851,ce861e6b-6bc3-43ba-971c-98bf46112e3a,False,3.4.5,1979
a306217b-be8d-4f68-9adb-7ce8ab0fb851,nJwpaw,False,3.4.5,1980
a306217b-be8d-4f68-9adb-7ce8ab0fb851,UJSMU,False,3.4.5,1981
a306217b-be8d-4f68-9adb-7ce8ab0fb851,9894dbd4-8ef5-411e-aab9-accb9613c716,False,3.4.5,1982
a306217b-be8d-4f68-9adb-7ce8ab0fb851,dfbbbf6a-8bb5-451d-bcef-31f966cc047f,False,3.4.5,1983
a306217b-be8d-4f68-9adb-7ce8ab0fb851,qrKGb,False,3.4.5,1984
a306217b-be8d-4f68-9adb-7ce8ab0fb851,YmzXH,False,3.4.5,1985
ad273c1f-6c56-436d-8cbf-d50952a254fd,XrPJj,False,3.4.5,1986
ad273c1f-6c56-436d-8cbf-d50952a254fd,VzChnhr,False,3.4.5,1987
ad273c1f-6c56-436d-8cbf-d50952a254fd,cb70de70-a32b-4c8e-a354-22b8adb39159,False,3.4.5,1988
ad273c1f-6c56-436d-8cbf-d50952a254fd,1672201f-015b-43fb-ba79-0d524055fd4d,False,3.4.5,1989
ad273c1f-6c56-436d-8cbf-d50952a254fd,c250d8b7-180d-45a1-9dec-016fa7455711,False,3.4.5,1990
ad273c1f-6c56-436d-8cbf-d50952a254fd,UvrFpA,False,3.4.5,1991
ad273c1f-6c56-436d-8cbf-d50952a254fd,RDDkF,False,3.4.5,1992
ad273c1f-6c56-436d-8cbf-d50952a254fd,jjaTq,False,3.4.5,1993
c0a0a8aa-c2cd-46e6-bdb5-4bf219986d3d,arNjn,False,3.4.5,1994
c0a0a8aa-c2cd-46e6-bdb5-4bf219986d3d,mzHVDm,False,3.4.5,1995
c0a0a8aa-c2cd-46e6-bdb5-4bf219986d3d,YNghP,False,3.4.5,1996
c0a0a8aa-c2cd-46e6-bdb5-4bf219986d3d,GjqbrZY,False,3.4.5,1997
c0a0a8aa-c2cd-46e6-bdb5-4bf219986d3d,CYVxN,False,3.4.5,1998
c0a0a8aa-c2cd-46e6-bdb5-4bf219986d3d,c9ba51af-a016-49f8-b49b-bf712db2445d,False,3.4.5,1999
c0a0a8aa-c2cd-46e6-bdb5-4bf219986d3d,42855685-b0cd-4449-bea1-095b587cb328,False,3.4.5,2000
c0a0a8aa-c2cd-46e6-bdb5-4bf219986d3d,GTxNJ,False,3.4.5,2001
c0a0a8aa-c2cd-46e6-bdb5-4bf219986d3d,66e5b553-84c9-4c89-84dc-cbd378be8e67,False,3.4.5,2002
c0a0a8aa-c2cd-46e6-bdb5-4bf219986d3d,30343597-e755-4cdf-b1ca-a13e83b33f6e,False,3.4.5,2003
c0a0a8aa-c2cd-46e6-bdb5-4bf219986d3d,444daea1-b0a6-414b-a36e-333706096217,False,3.4.5,2004
c0a0a8aa-c2cd-46e6-bdb5-4bf219986d3d,qJpdb,False,3.4.5,2005
c0a0a8aa-c2cd-46e6-bdb5-4bf219986d3d,KubPmu,False,3.4.5,2006
c0a0a8aa-c2cd-46e6-bdb5-4bf219986d3d,0cc3efa4-96f1-4246-872a-fe372de90c67,False,3.4.5,2007
c0a0a8aa-c2cd-46e6-bdb5-4bf219986d3d,1d08e566-a5f6-491e-b5da-4e03ef18f085,False,3.4.5,2008
c0a0a8aa-c2cd-46e6-bdb5-4bf219986d3d,ecwwdfz,False,3.4.5,2009
c0a0a8aa-c2cd-46e6-bdb5-4bf219986d3d,36956231-6e39-4047-99c3-0f250bf87196,False,3.4.5,2010
c0a0a8aa-c2cd-46e6-bdb5-4bf219986d3d,e37955eb-74ef-48a3-94b7-1cbb513981ef,False,3.4.5,2011
c0a0a8aa-c2cd-46e6-bdb5-4bf219986d3d,fd166846-c6d4-423c-837c-52e4fe2f70a2,False,3.4.5,2012
c0a0a8aa-c2cd-46e6-bdb5-4bf219986d3d,gWsaHp,False,3.4.5,2013
c0a0a8aa-c2cd-46e6-bdb5-4bf219986d3d,WLdyfYq,False,3.4.5,2014
c0a0a8aa-c2cd-46e6-bdb5-4bf219986d3d,mBExJX,False,3.4.5,2015
c0a0a8aa-c2cd-46e6-bdb5-4bf219986d3d,48b37102-8d4e-44ab-8e61-1013864bf63b,False,3.4.5,2016
c0a0a8aa-c2cd-46e6-bdb5-4bf219986d3d,305fcfb4-443d-4702-a3f7-d69f698b964b,False,3.4.5,2017
c0a0a8aa-c2cd-46e6-bdb5-4bf219986d3d,HjwJG,False,3.4.5,2018
c0a0a8aa-c2cd-46e6-bdb5-4bf219986d3d,PtxGRHz,False,3.4.5,2019
c0a0a8aa-c2cd-46e6-bdb5-4bf219986d3d,jxPKH,False,3.4.5,2020
fbbbbdc6-3942-4455-a269-a4d0c371e231,YVBzksJ,False,3.4.5,2021
fbbbbdc6-3942-4455-a269-a4d0c371e231,NvPm,False,3.4.5,2022
fbbbbdc6-3942-4455-a269-a4d0c371e231,MZVubZs,False,3.4.5,2023
fbbbbdc6-3942-4455-a269-a4d0c371e231,Jvmsgdx,False,3.4.5,2024
fbbbbdc6-3942-4455-a269-a4d0c371e231,HYqPHL,False,3.4.5,2025
fbbbbdc6-3942-4455-a269-a4d0c371e231,bRJYLNL,False,3.4.5,2026
fbbbbdc6-3942-4455-a269-a4d0c371e231,NpmaSjL,False,3.4.5,2027
fbbbbdc6-3942-4455-a269-a4d0c371e231,Jbnppc,False,3.4.5,2028
fbbbbdc6-3942-4455-a269-a4d0c371e231,aNZLt,False,3.4.5,2029
fbbbbdc6-3942-4455-a269-a4d0c371e231,3c48f849-16a3-452d-a345-7cc031275f43,False,3.4.5,2030
fbbbbdc6-3942-4455-a269-a4d0c371e231,b5c2c2c4-62ea-4b45-b5f9-237b3541fbd8,False,3.4.5,2031
fbbbbdc6-3942-4455-a269-a4d0c371e231,11ad3091-4da3-4063-ae00-8869e7ce3781,False,3.4.5,2032
fbbbbdc6-3942-4455-a269-a4d0c371e231,veYyjJ,False,3.4.5,2033
fbbbbdc6-3942-4455-a269-a4d0c371e231,f856a582-5a1d-4796-a56a-b854a47258f7,False,3.4.5,2034
fbbbbdc6-3942-4455-a269-a4d0c371e231,7ba23adb-dac4-42e4-a370-d5ba9d83d7b0,False,3.4.5,2035
fbbbbdc6-3942-4455-a269-a4d0c371e231,zzmUe,False,3.4.5,2036
fbbbbdc6-3942-4455-a269-a4d0c371e231,fvca,False,3.4.5,2037
fbbbbdc6-3942-4455-a269-a4d0c371e231,fMmALA,False,3.4.5,2038
