ObjectId,CalcTime,NumOfColumns,MeasureCount,DimensionCount,NumOfRows,BookmarkApplied,ErrorCode,CalcConditionUnfulfilled,QsdaVersion,MetaId
acf0b76b-ac60-4256-8b28-df3efba92ba3,33,0,10,1,0,,7000,False,3.4.5,16583
a5fcd51f-1c30-46ab-aa95-cdd5f0b8191e,0,0,-1,-1,0,,0,False,3.4.5,16612
EjFH,3,0,-1,-1,0,,0,False,3.4.5,16616
RnTsFp,4,0,5,1,0,,7000,False,3.4.5,16617
mAXpvMS,11,0,3,1,0,,7000,False,3.4.5,16618
JmYfBFh,8,0,3,1,0,,7000,False,3.4.5,16622
QPKSmr,0,0,-1,-1,0,,0,False,3.4.5,16623
NWUhZYH,11,0,10,1,0,,7000,False,3.4.5,16624
SQwzwLG,8,0,8,0,0,,7000,False,3.4.5,16628
RAwBy,6,0,1,1,0,,7000,False,3.4.5,16632
7041fe84-1b1f-465f-9e9f-7317dd23b9fe,9,0,1,1,0,,7000,False,3.4.5,16633
f9ab36ec-0cd9-4ac0-939a-2c0fa55be664,17,0,6,14,0,,7000,False,3.4.5,16634
WJbNeJ,5,0,-1,-1,0,,0,False,3.4.5,16643
fAaSkS,0,0,-1,-1,0,,0,False,3.4.5,16644
APmKQ,0,0,-1,-1,0,,0,False,3.4.5,16645
FmmWyC,0,0,-1,-1,0,,0,False,3.4.5,16646
1e949d91-61d5-4022-904e-7515e1fa4eff,0,0,-1,-1,0,,0,False,3.4.5,16647
8dd90dab-3dfa-49e7-8d6f-ac79f5242341,0,0,-1,-1,0,,0,False,3.4.5,16648
924870a6-d645-462c-b451-779250e34c59,0,0,-1,-1,0,,0,False,3.4.5,16658
66bbd1aa-76ee-4c9b-b2fd-d7bc14344049,0,0,-1,-1,0,,0,False,3.4.5,16659
3aaea2e1-832d-472b-9dc0-fc95d5236f35,0,0,-1,-1,0,,0,False,3.4.5,16660
cbb82621-17e0-41af-804f-3470789e76aa,0,0,-1,-1,0,,0,False,3.4.5,16661
fa4c4c86-1aec-46f0-9601-0418c531dc1e,0,0,-1,-1,0,,0,False,3.4.5,16662
22d7c5ea-de73-4cbb-bdc5-db4043c1ed66,0,0,-1,-1,0,,0,False,3.4.5,16664
82dfdbf2-e8ba-4d42-9828-e41c027091ef,0,0,-1,-1,0,,0,False,3.4.5,16665
yJpGu,0,0,-1,-1,0,,0,False,3.4.5,16666
ef1f9142-807c-4bad-a00e-6b01fc16a598,7,1,-1,-1,0,,0,False,3.4.5,16667
TUQC,0,0,-1,-1,0,,0,False,3.4.5,16668
QwvpN,0,0,-1,-1,0,,0,False,3.4.5,16669
4f4ef833-7daf-415b-83e0-ec9414605d57,64,0,12,35,0,,7005,True,3.4.5,16670
472bcc93-fad3-42f0-aae9-a76d56a34c6d,81,0,12,45,0,,7005,True,3.4.5,18341
QpZEt,2,0,-1,-1,0,,0,False,3.4.5,18342
gmRsU,0,0,-1,-1,0,,0,False,3.4.5,18343
PBxWK,0,0,-1,-1,0,,0,False,3.4.5,18344
dtrLDqJ,0,0,-1,-1,0,,0,False,3.4.5,18345
2ea48498-64c5-4851-8905-36cd50844264,4,1,-1,-1,0,,0,False,3.4.5,18346
AEBZgm,0,0,-1,-1,0,,0,False,3.4.5,18347
b5178616-7b4c-4bd3-9f26-85e320df0683,4,1,-1,-1,0,,0,False,3.4.5,18348
CmXJp,0,0,-1,-1,0,,0,False,3.4.5,18349
WMmrj,32,0,1,0,0,,7000,False,3.4.5,18350
7a3df644-9365-4e0d-b464-641b2ec184f5,0,0,-1,-1,0,,0,False,3.4.5,18351
4e5a9f80-359e-4d9a-a302-8a27fe9f40af,40,0,1,2,0,,7000,False,3.4.5,18352
99cec665-0c5f-4dd8-b01b-2d24324d9dac,38,0,1,2,0,,7000,False,3.4.5,18353
9a5c3cca-6150-48bb-a2eb-c1c209aea4c4,45,0,11,1,0,,7000,False,3.4.5,18354
30b9852f-3245-4923-9c3c-8b6e5672ebed,5,0,1,1,0,,7000,False,3.4.5,18355
73055b44-dfa4-404c-89cf-88264cdf5883,5,0,1,1,0,,7000,False,3.4.5,18356
3b2c90cc-5beb-44e1-aa78-6b5d12070091,5,0,1,1,0,,7000,False,3.4.5,18357
68bea106-b349-4156-853c-f016752589ab,13,0,5,1,0,,7000,False,3.4.5,18358
5387d3e9-80d7-45f0-bbca-b130d4d0c9b0,12,0,5,1,0,,7000,False,3.4.5,18359
0bb29311-eacc-4f20-9dca-85d0f6087c86,5,0,1,1,0,,7000,False,3.4.5,18360
mDmqYGf,7,0,-1,-1,0,,0,False,3.4.5,18361
ZbuTS,0,0,-1,-1,0,,0,False,3.4.5,18362
fEMspqQ,0,0,-1,-1,0,,0,False,3.4.5,18363
96d7fae7-bdc0-418e-a4d4-bfab5e0fc5fe,0,0,-1,-1,0,,0,False,3.4.5,18364
YeRA,0,0,-1,-1,0,,0,False,3.4.5,18365
EJEsCq,0,0,-1,-1,0,,0,False,3.4.5,18366
VpkSKyd,0,0,-1,-1,0,,0,False,3.4.5,18367
vbPXp,0,0,-1,-1,0,,0,False,3.4.5,18368
pnyFNZ,78,0,36,3,0,,7000,False,3.4.5,18369
HJtQhm,0,0,-1,-1,0,,0,False,3.4.5,18370
RNPnVJ,9,0,7,1,0,,7000,False,3.4.5,18371
XdExhD,13,0,7,1,0,,7000,False,3.4.5,18372
mqNLpBw,0,0,-1,-1,0,,0,False,3.4.5,18373
mMPMje,0,0,-1,-1,0,,0,False,3.4.5,18374
DzKaG,9,0,7,1,0,,7000,False,3.4.5,18375
SdTMqh,8,0,7,1,0,,7000,False,3.4.5,18376
Xvpmkrx,0,0,-1,-1,0,,0,False,3.4.5,18377
9b34045b-dbc2-4baa-a2c6-49d0f8a8ad74,12,0,1,1,0,,7000,False,3.4.5,18378
0c975e1f-218f-4ebe-b48e-2b01d8631341,15,0,1,2,0,,7000,False,3.4.5,18379
49dbe2bb-1f1b-4017-b89b-7a1ed0d02b4b,15,0,1,2,0,,7000,False,3.4.5,18380
RYydEKL,2,0,-1,-1,0,,0,False,3.4.5,18381
98394dd0-45fd-403f-9c45-5b1d022e2e43,12,0,1,1,0,,7000,False,3.4.5,18382
465c1bc1-54b3-434c-bfef-ecf70d11afe5,12,0,1,2,0,,7000,False,3.4.5,18383
df130914-901e-45d0-a83a-b84eae2cad69,12,0,1,2,0,,7000,False,3.4.5,18384
cnNYDp,3,0,-1,-1,0,,0,False,3.4.5,18385
YPKnHP,0,0,-1,-1,0,,0,False,3.4.5,18386
Yvhejh,15,0,14,1,0,,7000,False,3.4.5,18387
ggEYP,16,0,14,1,0,,7000,False,3.4.5,18388
HPujwkw,0,0,-1,-1,0,,0,False,3.4.5,18389
YSqSG,0,0,-1,-1,0,,0,False,3.4.5,18390
tBnFRfx,0,0,-1,-1,0,,0,False,3.4.5,18391
56a99a01-2910-43b5-aca3-3c4925e90640,0,0,-1,-1,0,,0,False,3.4.5,18392
c966103e-5103-46f9-9eba-d75e34e67817,0,0,-1,-1,0,,0,False,3.4.5,18393
fb8e6b29-8fda-41d4-8c14-5f0103dc775f,0,0,-1,-1,0,,0,False,3.4.5,18394
5707f35c-8b07-434a-85b2-8a9a6aeb99a0,7,0,1,0,0,,7000,False,3.4.5,18395
8f1caca2-ca0c-401e-a070-4cc546eb733d,6,0,1,0,0,,7000,False,3.4.5,18396
06647971-e16a-459f-b0f2-1c4275685ed0,8,0,1,0,0,,7000,False,3.4.5,18397
e764c74b-9f84-4c7d-999c-ec83600a6c4f,6,0,1,0,0,,7000,False,3.4.5,18398
d1e99bfa-a824-4e25-bf55-e1e78c55c0d7,0,0,-1,-1,0,,0,False,3.4.5,18399
1fd4c92d-e4fe-4e7d-af17-6beb5a277202,0,0,-1,-1,0,,0,False,3.4.5,18400
018016db-b636-4793-abdc-0a705fdcee69,0,0,-1,-1,0,,0,False,3.4.5,18401
efae710e-a885-4629-ac81-b4f06f20013d,0,0,-1,-1,0,,0,False,3.4.5,18402
09440a99-68b6-4158-a86f-a6f9ad0b1f5a,0,0,-1,-1,0,,0,False,3.4.5,18403
91ed892a-18f4-4b34-839b-14b03928db77,66,0,26,2,0,,7000,False,3.4.5,18404
6e0a5fb1-a107-45c9-972e-3217e82d7f85,74,0,24,7,0,,7000,False,3.4.5,18405
98776e49-7260-4cbf-9edc-fcbbc2fdd8a2,71,0,26,1,0,,7000,False,3.4.5,18406
947188c2-2dea-475a-a692-a50f6494b919,79,0,24,6,0,,7000,False,3.4.5,18407
3e7bb64c-9e7b-4fbf-be88-c6d2c9c287c1,6,0,-1,-1,0,,0,False,3.4.5,18408
36dcbfdd-9262-4f9a-83fd-c8179e9058a8,2,0,-1,-1,0,,0,False,3.4.5,18409
09aae58e-1d32-4ff8-9aea-b89ea68a1413,0,0,-1,-1,0,,0,False,3.4.5,18410
jTDLeCH,2,0,0,0,1,,0,False,3.4.5,18411
JmGtRDP,5,0,1,0,0,,7000,False,3.4.5,18412
dJKsX,0,0,-1,-1,0,,0,False,3.4.5,18413
JjqXgm,8,0,1,1,0,,7000,False,3.4.5,18414
BAtKgm,7,0,1,1,0,,7000,False,3.4.5,18415
gzrqm,11,0,1,2,0,,7000,False,3.4.5,18416
jBJHZpY,11,0,1,2,0,,7000,False,3.4.5,18417
a710cc36-c551-4c68-a861-d31cd92b6eec,2,0,0,0,1,,0,False,3.4.5,18418
d2c2ad3f-09fe-46dd-94d8-ea5e45dd1acd,4,1,1,0,1,,0,False,3.4.5,18419
96e5534f-419a-4385-b1db-994f92e632c4,4,0,1,1,0,,7000,False,3.4.5,18420
6d9433ee-0335-42ff-8a23-2db8568467b1,3,0,1,1,0,,7000,False,3.4.5,18421
aPLSyH,3,0,1,0,0,,7000,False,3.4.5,18422
uEBpQM,3,1,1,0,1,,0,False,3.4.5,18423
zEjhqA,4,1,1,0,1,,0,False,3.4.5,18424
hKPYMf,3,1,1,0,1,,0,False,3.4.5,18425
HbnbFN,3,1,1,0,1,,0,False,3.4.5,18426
Djg,4,1,1,0,1,,0,False,3.4.5,18427
fzrT,5,1,1,0,1,,0,False,3.4.5,18428
fWYSh,4,1,1,0,1,,0,False,3.4.5,18429
JkhwfZP,6,1,1,0,1,,0,False,3.4.5,18430
JWBnEjj,0,0,-1,-1,0,,0,False,3.4.5,18431
yJYmNKB,5,0,1,1,0,,7000,False,3.4.5,18432
adsDbUJ,4,1,1,0,1,,0,False,3.4.5,18433
f37d12f5-2b9c-4140-a7a1-55d420808ffc,29,0,3,1,0,,7000,False,3.4.5,18434
a83eb743-6069-4878-ac93-79a55f93bb09,9,0,1,1,0,,7000,False,3.4.5,18435
FfYhHp,0,0,-1,-1,0,,0,False,3.4.5,18436
BmaK,0,0,-1,-1,0,,0,False,3.4.5,18437
BpPSXcw,0,0,-1,-1,0,,0,False,3.4.5,18438
d8076cc3-dc94-4e46-89f0-7e70ba4125f1,9,0,2,1,0,,7000,False,3.4.5,18439
e3b77653-d2ca-4389-9fd0-a5e3b82068af,10,0,2,1,0,,7000,False,3.4.5,18440
NESppmJ,6,0,-1,-1,0,,0,False,3.4.5,18441
BXJjWV,0,0,-1,-1,0,,0,False,3.4.5,18442
dcPzwmS,5,0,0,3,1,,0,False,3.4.5,18443
jPBsrAj,14,0,7,4,0,,7000,False,3.4.5,18444
EpxUqZx,0,0,-1,-1,0,,0,False,3.4.5,18445
YvZZucS,19,0,1,1,0,,7000,False,3.4.5,18446
TdgQkgR,9,0,1,2,0,,7000,False,3.4.5,18447
hzb,2,0,0,0,1,,0,False,3.4.5,18448
EXApxb,16,0,8,0,0,,7000,False,3.4.5,18449
pDjPLm,0,0,-1,-1,0,,0,False,3.4.5,18450
3a78a332-bcf6-4aed-ba53-9ad79ff4aa39,27,0,15,1,0,,7000,False,3.4.5,18451
0fc9b3af-916a-428b-ae3d-f0c512544c69,28,0,15,2,0,,7000,False,3.4.5,18452
GUajUe,3,0,-1,-1,0,,0,False,3.4.5,18453
CcsPEAJ,2,0,0,0,1,,0,False,3.4.5,18454
GmDY,7,0,7,0,0,,7000,False,3.4.5,18455
fdnpEj,6,0,1,1,0,,7000,False,3.4.5,18456
mukN,8,0,1,1,0,,7000,False,3.4.5,18457
DRrsHPL,9,0,1,1,0,,7000,False,3.4.5,18458
ZjkPB,0,0,-1,-1,0,,0,False,3.4.5,18459
683fcfd1-b38c-441c-92fc-11ffe778c6da,3,0,-1,-1,0,,0,False,3.4.5,18460
a0437cc3-4602-4740-9f75-44995c0cd041,2,0,-1,-1,0,,0,False,3.4.5,18461
a049981a-b3f4-4bd3-bb2d-b145dff6202d,4,0,1,0,0,,7000,False,3.4.5,18462
a307d006-7a80-46de-9599-305d37032c0e,2,0,-1,-1,0,,0,False,3.4.5,18463
ea2e5d24-4cb5-47be-b098-623c7d2e4f95,2,0,-1,-1,0,,0,False,3.4.5,18464
eab6d102-431f-4719-aec1-3b82c388e84a,3,0,-1,-1,0,,0,False,3.4.5,18465
ecd153df-c2bf-45d1-afde-e8b4861d87ac,3,0,-1,-1,0,,0,False,3.4.5,18466
0b427c29-f0e0-420a-a8be-790d1a55d179,5,0,1,0,0,,7000,False,3.4.5,18467
0c2895b8-2896-4cc0-8284-4e0f9f16d70c,4,1,1,0,1,,0,False,3.4.5,18468
14a1980d-8fac-454b-8ef4-6b59967a7613,2,1,1,0,1,,0,False,3.4.5,18469
42756471-e4f1-4c07-b293-a541526331c9,2,0,-1,-1,0,,0,False,3.4.5,18470
4430028f-e755-41a6-9757-7ae32d0210c5,3,1,1,0,1,,0,False,3.4.5,18471
47ee6201-3b64-4674-b57e-5e3a2035d7b5,3,1,1,0,1,,0,False,3.4.5,18472
4bed92f0-8b06-40c8-8752-58277099074c,3,1,1,0,1,,0,False,3.4.5,18473
7d0569cb-b80b-4c96-b37c-47f667060179,4,1,1,0,1,,0,False,3.4.5,18474
80fc879c-607a-4fdf-8601-83c428d2c66b,3,1,1,0,1,,0,False,3.4.5,18475
95535156-f558-43ad-b2b6-689b38510d6f,4,0,-1,-1,0,,0,False,3.4.5,18476
9dc9bc68-a210-49b8-8905-39685e9e633c,2,0,1,0,0,,7000,False,3.4.5,18477
babd6769-a738-4f03-8c45-50f42e029810,2,0,-1,-1,0,,0,False,3.4.5,18478
c2ea4d8d-b6b9-47b2-8374-52dbafb7f639,4,1,1,0,1,,0,False,3.4.5,18479
f94405d9-c654-4b3b-8e9b-fa3926b572b6,3,1,1,0,1,,0,False,3.4.5,18480
6300fe19-d33c-4d75-a183-0c4e58772146,1,0,-1,-1,0,,0,False,3.4.5,18481
74dd1fda-51b2-43b9-980e-9f1d501045fc,2,0,-1,-1,0,,0,False,3.4.5,18482
985ee4cf-2ece-4471-9f72-c82778d766e2,2,0,-1,-1,0,,0,False,3.4.5,18483
c053a2cb-a30b-4d00-a529-a3705aed1eb4,2,0,-1,-1,0,,0,False,3.4.5,18484
ed94c0bc-2f63-4ff8-a7ce-695802a167af,3,0,-1,-1,0,,0,False,3.4.5,18485
f688f0ca-e2d6-44fb-a40f-6acd3604daec,2,0,-1,-1,0,,0,False,3.4.5,18486
263e7c38-bbdb-4ce6-a3c8-e3e7aa2ce748,6,1,1,0,1,,0,False,3.4.5,18487
849109f0-de57-4fbb-9b7f-d88bea4b77ea,2,0,0,0,1,,0,False,3.4.5,18488
1a488a08-18bf-4eaa-a858-87f0e1a3fec8,9,0,7,1,0,,7000,False,3.4.5,18489
1cfb80db-b5e6-457c-832b-bc0ca8884778,11,0,3,1,0,,7000,False,3.4.5,18490
1ff7301b-6bb8-4eae-8754-b2b3215f3558,4,0,5,1,0,,7000,False,3.4.5,18491
37856b04-266a-4ed2-b512-1c9c9cfb3201,15,0,15,2,0,,7000,False,3.4.5,18492
7133c3b6-681d-4f11-885b-f2e7ed2c9e4d,14,0,14,1,0,,7000,False,3.4.5,18493
720a4c3d-9b77-40f0-8234-2bbf2b1fd716,8,0,7,1,0,,7000,False,3.4.5,18494
80457e94-6e9e-4fd9-9532-1a33f88e30aa,6,0,-1,-1,0,,0,False,3.4.5,18495
ad77d654-3d86-44f0-9d6e-246fd3750ec9,13,0,15,2,0,,7000,False,3.4.5,18496
a838b653-d6c2-4c27-8bca-be05a3a3a164,13,0,14,2,0,,7000,False,3.4.5,18497
8832d9f0-e8e3-46c2-aec6-2115fe3ff152,14,0,14,5,0,,7000,False,3.4.5,18498
e20fcaf7-6b6d-4c4d-973f-d88b1c0b2d05,15,0,14,5,0,,7000,False,3.4.5,18499
80974be3-46b9-4a93-b230-9ab688e39f47,16,0,14,5,0,,7000,False,3.4.5,18500
8d678a6e-8666-4c57-8af1-7dd5fef94be6,14,0,14,2,0,,7000,False,3.4.5,18501
9f509be2-1b20-4b76-be64-09d9d671af0c,9,0,7,1,0,,7000,False,3.4.5,18502
a31a4580-7031-4c5b-b092-bf67e7b69c08,3,0,-1,-1,0,,0,False,3.4.5,18503
a3562325-8ed3-41fa-8b32-617d5a7f2552,9,0,7,1,0,,7000,False,3.4.5,18504
aba79b64-049e-43c6-b69f-57fed6bee0e5,16,0,14,1,0,,7000,False,3.4.5,18505
ae080039-d758-469b-a357-e1a54d130921,6,0,1,0,0,,7000,False,3.4.5,18506
d1d40695-c2b4-4edf-88ff-caf904b80aeb,15,0,14,5,0,,7000,False,3.4.5,18507
e415ce85-2c54-4ca4-999c-c2d59d7063ae,5,0,1,0,0,,7000,False,3.4.5,18508
f35622cc-26ba-48f1-94d3-00974629f19c,6,0,1,0,0,,7000,False,3.4.5,18509
f8a34cd5-36cf-45c3-a552-8a378226c0f8,63,0,27,2,0,,7000,False,3.4.5,18510
002f0f05-e2da-46f1-b5ad-b9dbdc39e616,71,0,24,6,0,,7000,False,3.4.5,18511
30ac7cd1-d41c-42c3-b240-f2dcd44647e9,9,0,7,1,0,,7000,False,3.4.5,18512
42180110-600c-4fb5-86a7-ceee1315aadd,76,0,36,3,0,,7000,False,3.4.5,18513
7ecfed3b-2dca-4671-8c66-dc8a3d9b134a,9,0,7,1,0,,7000,False,3.4.5,18514
0039b5f7-b8aa-4afd-999d-acf03e8e3d10,5,0,-1,-1,0,,0,False,3.4.5,18515
01d4e4a5-b022-4a7a-b620-ca648ad343d2,3,0,-1,-1,0,,0,False,3.4.5,18516
02216a44-264a-4efc-a276-cdf9b08c4c4d,3,0,-1,-1,0,,0,False,3.4.5,18517
02edb2ee-d022-44c9-be3a-3d9f0492a44a,3,0,-1,-1,0,,0,False,3.4.5,18518
03ea5be5-2d7f-4a57-9841-e094f4181991,5,0,2,0,0,,7000,False,3.4.5,18519
04b85a73-40c9-468d-9852-24e362f106b4,5,0,-1,-1,0,,0,False,3.4.5,18520
07ff81e5-cbca-4777-88bf-f9dc53fce19d,3,0,-1,-1,0,,0,False,3.4.5,18521
08c5c188-2da7-481e-aca9-fae66099594c,6,0,2,0,0,,7000,False,3.4.5,18522
098c66e8-fccf-4b73-9867-2f616d4ae888,2,0,-1,-1,0,,0,False,3.4.5,18523
09f9a99d-2c71-4ef3-9cb8-4ee7add85650,2,0,-1,-1,0,,0,False,3.4.5,18524
0b40d284-cd61-4798-a6ee-e21364ef4924,3,0,-1,-1,0,,0,False,3.4.5,18525
0efd630d-be8e-4a8e-a168-4ff05e8bc862,2,0,-1,-1,0,,0,False,3.4.5,18526
10055dac-8dde-4907-a1f6-70b3b55758e8,3,0,-1,-1,0,,0,False,3.4.5,18527
10b70438-7832-43a4-bf64-e7aefa32804c,3,0,-1,-1,0,,0,False,3.4.5,18528
138e75be-a800-4cbf-b2e1-3111a25d24e8,3,0,-1,-1,0,,0,False,3.4.5,18529
13d7bdec-9e8a-42b6-a32b-8523932734f6,2,0,0,0,1,,0,False,3.4.5,18530
15ef2b57-a248-4c73-8eb7-7badbc959965,3,0,-1,-1,0,,0,False,3.4.5,18531
16473fec-31ab-43d4-906c-2a97f16134dd,3,0,-1,-1,0,,0,False,3.4.5,18532
1e2021cc-730e-4c27-9cdc-44ca70169c00,3,0,-1,-1,0,,0,False,3.4.5,18533
1e75f952-2173-4988-949e-5927b3519ebd,2,0,-1,-1,0,,0,False,3.4.5,18534
1fd4f148-bd84-4bdb-91f8-8fbe95138611,3,0,-1,-1,0,,0,False,3.4.5,18535
210470ea-c9e2-4eef-8a94-93313fd31a0c,4,0,-1,-1,0,,0,False,3.4.5,18536
22fefb6f-b1b9-4eee-a614-12e6fed5f138,6,0,2,0,0,,7000,False,3.4.5,18537
26720fdc-b8a6-46f6-bc42-ca0f6287c549,3,0,-1,-1,0,,0,False,3.4.5,18538
267785c0-6e30-4654-bfdc-a222842fa939,121,0,0,0,1,,0,False,3.4.5,18539
27d7d029-48bd-4fe5-91c4-79bbe8f0ff89,3,0,-1,-1,0,,0,False,3.4.5,18540
2a7e9ea2-7d9b-4619-976f-1b1b6551a62f,6,0,2,0,0,,7000,False,3.4.5,18541
2ce6c4f3-0085-49d4-a9bf-d6e2c296d06c,2,0,-1,-1,0,,0,False,3.4.5,18542
2f55b346-e3c8-4ae1-8a88-3112c2940cb5,3,0,-1,-1,0,,0,False,3.4.5,18543
30e22db5-7b12-4f54-af15-281fa2de307f,5,0,2,0,0,,7000,False,3.4.5,18544
323f0b15-e655-47cb-9f3f-eff4b8057299,3,0,-1,-1,0,,0,False,3.4.5,18545
3257fb3c-7d78-48f2-b991-d8a12f3208e0,5,0,2,0,0,,7000,False,3.4.5,18546
343e41db-c5e2-4f5d-a8f0-51b1bbe1a4d8,3,0,-1,-1,0,,0,False,3.4.5,18547
3493903b-70ff-4467-aa6b-b18dabb496d1,2,0,-1,-1,0,,0,False,3.4.5,18548
36659be8-eb3e-4ecc-bc00-8af867da0894,10,0,-1,-1,0,,0,False,3.4.5,18549
3c9c3e84-06a9-4f5a-9176-fd67ace26c4d,3,0,-1,-1,0,,0,False,3.4.5,18550
40efb835-f26c-4fa5-9e0c-31c5917729b7,45,0,-1,-1,0,,0,False,3.4.5,18551
4474e4a6-e47a-4712-9545-7928b68ce434,5,0,-1,-1,0,,0,False,3.4.5,18552
459a7aba-7975-4af2-85d3-e4d48bb73b61,55,0,-1,-1,0,,0,False,3.4.5,18553
46759dcd-8f43-439b-b969-048f976417df,4,0,-1,-1,0,,0,False,3.4.5,18554
46a50765-7a59-4fad-a1ed-b18e8477281e,3,0,-1,-1,0,,0,False,3.4.5,18555
4768fb38-7b08-4f9a-a9e0-4334df6b8ede,3,0,-1,-1,0,,0,False,3.4.5,18556
4790ce43-5c48-4117-9b7a-46a6c3e819aa,3,1,1,0,1,,0,False,3.4.5,18557
47a9b627-3c75-42ad-af0f-17bcd5dc9063,3,0,-1,-1,0,,0,False,3.4.5,18558
49c874f6-df74-4315-bc64-01dc5c2de61f,6,0,6,0,0,,7000,False,3.4.5,18559
4b34423d-7e3e-4f43-b031-9b9e72825f02,2,0,-1,-1,0,,0,False,3.4.5,18560
4d38eb03-e660-4239-a9ba-71865c001500,3,0,-1,-1,0,,0,False,3.4.5,18561
4d71302f-c98d-410d-bc83-3ee7ec65a696,3,0,-1,-1,0,,0,False,3.4.5,18562
4f088550-b373-4fa0-83d0-bde1148a8628,4,0,1,0,0,,7000,False,3.4.5,18563
4f6d74e9-3cef-4e84-8bf0-58efafd56980,2,0,-1,-1,0,,0,False,3.4.5,18564
5211829c-7549-4a23-8e95-a888b2072900,2,0,-1,-1,0,,0,False,3.4.5,18565
533f2b1d-9b63-4997-b584-f9cbf9a62fe3,3,0,-1,-1,0,,0,False,3.4.5,18566
54495a66-5a5d-488c-a886-5f95e8622c67,3,0,-1,-1,0,,0,False,3.4.5,18567
5c735bf4-3ca1-4f51-a1af-da1ae39e0588,68,0,-1,-1,0,,0,False,3.4.5,18568
5fb70300-8f4a-4baf-844e-2cdee12c3448,2,0,-1,-1,0,,0,False,3.4.5,18569
6287c6a5-e0f5-4710-ab35-5a2dd78f33bc,6,0,2,0,0,,7000,False,3.4.5,18570
634baa3b-f73a-4316-9af2-6e34eab8af55,5,0,2,0,0,,7000,False,3.4.5,18571
6745b7e0-c7d0-4df8-9bcf-bd15eb8608c0,2,0,-1,-1,0,,0,False,3.4.5,18572
67b2b753-dc70-40e9-84da-ac86652ff8f9,6,0,2,0,0,,7000,False,3.4.5,18573
6a5e1f51-54d4-4abc-b913-4ec3c3ffb1ee,6,0,2,0,0,,7000,False,3.4.5,18574
6afc3c6a-9a45-4288-b61c-93daf601944a,4,0,-1,-1,0,,0,False,3.4.5,18575
6b429fcb-32d9-4c65-a6f3-942e7748b366,3,0,-1,-1,0,,0,False,3.4.5,18576
6ed87f75-b26e-49f3-b5d2-a687236acc8c,3,0,-1,-1,0,,0,False,3.4.5,18577
7044d722-94b0-49bb-a71f-18da36268268,4,0,-1,-1,0,,0,False,3.4.5,18578
724c43d8-61f4-4c26-866a-bc6bdcd7b420,3,0,-1,-1,0,,0,False,3.4.5,18579
74d9c3ef-aa9d-4be1-a84f-d502332817b9,3,0,-1,-1,0,,0,False,3.4.5,18580
74e30630-7419-40fa-8649-f2e7aaa3673d,3,0,-1,-1,0,,0,False,3.4.5,18581
78645b84-4f4c-465b-81c5-2ad75dc0b0d0,2,0,-1,-1,0,,0,False,3.4.5,18582
7a25040a-441a-4a43-842c-72b93a1e2d5a,5,0,-1,-1,0,,0,False,3.4.5,18583
7bde3ec3-1db5-4556-916d-e95e62cf1933,45,0,1,0,0,,7000,False,3.4.5,18584
7cbd676b-c7e5-4bd1-9e1b-fba96cff7d2e,3,0,-1,-1,0,,0,False,3.4.5,18585
807171df-ef10-4fdc-9dba-6e29767527c5,2,0,-1,-1,0,,0,False,3.4.5,18586
8112fbbc-1f5e-465a-a697-8974ad036138,14,0,6,0,0,,7000,False,3.4.5,18587
862baa7e-850b-4d8b-9088-43b85dfa557d,6,0,-1,-1,0,,0,False,3.4.5,18588
864b8882-c22b-465f-adcc-cdcdce9f6fef,3,0,-1,-1,0,,0,False,3.4.5,18589
86af3bc7-a5fd-47cd-b327-24cb47c4be79,9,0,1,0,0,,7000,False,3.4.5,18590
8bf5fe57-71db-4209-be63-1d4e5fc84749,3,0,-1,-1,0,,0,False,3.4.5,18591
8c7f6835-1fbc-41f3-aede-2f0a089cd572,7,0,8,0,0,,7000,False,3.4.5,18592
8e67dd7f-3980-40ca-a902-601030f5dd96,9,0,1,0,0,,7000,False,3.4.5,18593
9618ad7d-6059-4d6f-8f8b-7e4f73d29527,3,0,-1,-1,0,,0,False,3.4.5,18594
97506775-e85f-404c-b5e9-1bed6c9d1ca8,2,0,-1,-1,0,,0,False,3.4.5,18595
995db590-9ede-4fae-8742-f639bcbfba84,3,0,-1,-1,0,,0,False,3.4.5,18596
996a9544-af8d-4300-aee0-7c36e956f691,3,0,-1,-1,0,,0,False,3.4.5,18597
a3971fbf-dcf5-400c-acec-a519948c2848,4,0,-1,-1,0,,0,False,3.4.5,18598
a3e6da25-0981-4c8b-9e6c-919026aecd23,4,0,-1,-1,0,,0,False,3.4.5,18599
a5071e58-ac10-412e-9876-07e46c16fff1,3,0,-1,-1,0,,0,False,3.4.5,18600
a5973a4f-5053-442d-8eaf-c967d1d424c5,5,0,2,0,0,,7000,False,3.4.5,18601
a853b869-fd86-4821-a900-7125c0f479e1,3,0,-1,-1,0,,0,False,3.4.5,18602
a87fb191-d8da-4446-9fba-0017979391d9,3,0,-1,-1,0,,0,False,3.4.5,18603
a8e8a68c-161b-4400-9431-f53eb5fe5a5e,4,0,-1,-1,0,,0,False,3.4.5,18604
ab79588a-5f86-491b-a462-7d1a20866bcd,4,0,-1,-1,0,,0,False,3.4.5,18605
ae5d1871-a956-453e-b947-36c718923e5f,3,0,-1,-1,0,,0,False,3.4.5,18606
b04c6fc6-c521-4fca-b93f-d84e40130eaa,4,0,-1,-1,0,,0,False,3.4.5,18607
b10997e0-5d4b-470e-9e88-0442a23f9725,3,0,-1,-1,0,,0,False,3.4.5,18608
b3d3ee91-db98-46a7-9ae0-e4ce2e4198a5,7,0,2,0,0,,7000,False,3.4.5,18609
b610af38-1151-41b7-8d32-5baa9c982bca,5,0,1,0,0,,7000,False,3.4.5,18610
b6a3ec61-b4d4-4bae-869c-7a1fd6c96f10,3,0,-1,-1,0,,0,False,3.4.5,18611
baa5cad2-e7b7-4d33-bdef-704e749611fe,6,0,2,0,0,,7000,False,3.4.5,18612
bb0da7b5-53be-4330-9820-09e0bb9a34f0,3,0,-1,-1,0,,0,False,3.4.5,18613
bbe2b190-b909-487b-a521-3483080e05b6,3,0,-1,-1,0,,0,False,3.4.5,18614
bf11293c-1ea0-429c-adaf-61ad7e869b90,3,0,-1,-1,0,,0,False,3.4.5,18615
bf63a728-46f1-44d8-8fe8-766043d572a0,3,0,-1,-1,0,,0,False,3.4.5,18616
c015c30f-50bf-4da3-b7c5-b0884fd2ea95,3,0,-1,-1,0,,0,False,3.4.5,18617
c497abc9-ded2-44f5-a08c-d16761cb20fa,3,0,-1,-1,0,,0,False,3.4.5,18618
c521108a-392c-4e72-9213-4e928e073f77,3,0,-1,-1,0,,0,False,3.4.5,18619
c55ce68c-0e70-47d2-8577-f68553fa22e5,2,0,-1,-1,0,,0,False,3.4.5,18620
c586c28e-39a5-455c-90ee-9aa83cc26e15,3,0,-1,-1,0,,0,False,3.4.5,18621
c69b3d1e-f1e5-4391-a72e-da03e3ab9af5,5,0,2,0,0,,7000,False,3.4.5,18622
c7b468cf-a4b8-47b9-abe8-4df5a13f92ed,2,0,-1,-1,0,,0,False,3.4.5,18623
c9ff0ce8-473b-475d-a2e9-13c0f645c5da,6,0,2,0,0,,7000,False,3.4.5,18624
cb55d5bb-abc8-4075-a01e-81b9ccd4c1fa,3,0,-1,-1,0,,0,False,3.4.5,18625
cc17001c-6196-4522-843b-09e23b9e0fe5,3,0,-1,-1,0,,0,False,3.4.5,18626
cc9624c7-0d54-4e62-9469-ced5dd935294,3,0,-1,-1,0,,0,False,3.4.5,18627
cdf4e964-500a-40dc-9945-233bce2a9300,2,0,-1,-1,0,,0,False,3.4.5,18628
ce1d629e-1620-4be4-9891-e658ca54b26a,3,0,-1,-1,0,,0,False,3.4.5,18629
cefbdbd6-6f12-450d-a6f7-7d1dfe97d789,6,0,2,0,0,,7000,False,3.4.5,18630
d185a5c3-2a4b-4215-8da8-11ea1b04f07f,4,0,1,0,0,,7000,False,3.4.5,18631
d6756ed0-f727-4849-995f-ead27ac55e5c,5,0,2,0,0,,7000,False,3.4.5,18632
d7070cbf-9267-4459-875d-1b7fcaf896ff,2,0,-1,-1,0,,0,False,3.4.5,18633
d81aacd4-767e-469a-817c-10e3993c8d63,3,0,-1,-1,0,,0,False,3.4.5,18634
dc873570-f994-427c-a8fc-3d0ad4e93220,3,0,-1,-1,0,,0,False,3.4.5,18635
dd9c688b-7d73-423f-a73c-153822d292ea,51,0,-1,-1,0,,0,False,3.4.5,18636
deef9e14-8011-4d0e-b24c-99bae5582d29,3,0,-1,-1,0,,0,False,3.4.5,18637
df13dbdf-3f41-431a-8c28-6dd5476d0c26,2,0,-1,-1,0,,0,False,3.4.5,18638
e556a3a3-47b5-407c-9518-d33ca6252372,2,0,-1,-1,0,,0,False,3.4.5,18639
e865b6e3-72a4-4d1f-b629-dcce2c723830,6,0,2,0,0,,7000,False,3.4.5,18640
e8baa136-6a0b-4ca7-85d0-75c86ddf65a9,6,0,2,0,0,,7000,False,3.4.5,18641
e91e1b7d-17a4-42ec-8913-7e574fc24342,3,0,-1,-1,0,,0,False,3.4.5,18642
eded3e30-780e-4168-b9b5-8c4b93246b46,3,0,-1,-1,0,,0,False,3.4.5,18643
ef3062da-ba45-490f-b5c2-124299105058,2,0,-1,-1,0,,0,False,3.4.5,18644
f238b5b1-e291-4748-95b1-50b438405128,3,0,0,0,1,,0,False,3.4.5,18645
f3673ef2-42bc-4423-b53c-29de7643c684,3,0,-1,-1,0,,0,False,3.4.5,18646
f56e86e4-ab1a-4578-9a3e-8b35a24345f3,3,0,-1,-1,0,,0,False,3.4.5,18647
f5c1963f-003c-4485-af7a-8328d3fd3f1e,3,0,-1,-1,0,,0,False,3.4.5,18648
f60c2243-ebe2-41a1-8182-e69a81ab0875,3,0,-1,-1,0,,0,False,3.4.5,18649
f6b322a4-394f-43c5-9757-fd2104d31153,3,0,-1,-1,0,,0,False,3.4.5,18650
f81a4368-da21-4555-9091-366b30868a3c,3,0,-1,-1,0,,0,False,3.4.5,18651
f9115fed-526d-4169-a30a-fe79507a322a,2,0,-1,-1,0,,0,False,3.4.5,18652
fa3e69a5-99c9-4efd-b822-20d41b1ac87e,48,0,-1,-1,0,,0,False,3.4.5,18653
fac38a3a-a08e-4f22-98d1-0ac828332a27,3,0,-1,-1,0,,0,False,3.4.5,18654
12531002-afe4-4d4a-9c5f-24b53ec1d79f,5,0,1,1,0,,7000,False,3.4.5,18655
16203cb3-51fd-4069-9369-9deb3a858f06,6,0,1,1,0,,7000,False,3.4.5,18656
7e89aee4-1c7a-4674-92b7-fa2aa9171b91,13,0,5,1,0,,7000,False,3.4.5,18657
d1449338-3027-4502-b8d9-4fa0f3dca1e5,32,0,11,1,0,,7000,False,3.4.5,18658
d219bc7d-aa85-4278-970b-2b175cda162e,13,0,5,1,0,,7000,False,3.4.5,18659
da72e686-d92e-4344-94bb-6e686508c7e5,6,0,1,1,0,,7000,False,3.4.5,18660
4f537206-145c-4323-a081-5049d312802b,82,0,24,7,0,,7000,False,3.4.5,18661
70ca6cc2-94ca-44e8-9142-24b4e5eca101,72,0,26,1,0,,7000,False,3.4.5,18662
c03b082a-a8f5-4b0b-b0a7-5a42134b3de6,75,0,26,2,0,,7000,False,3.4.5,18663
08ec7661-2630-4abb-aa57-efe4fb815559,3,0,-1,-1,0,,0,False,3.4.5,18664
2383d5a4-706e-4e10-834d-5168d1b5cd29,4,0,-1,-1,0,,0,False,3.4.5,18665
61545211-1864-4b5e-a3b3-7bed4af3bec9,4,0,-1,-1,0,,0,False,3.4.5,18666
84833bda-ed3c-42d6-a6fe-ded2afcbf96d,3,0,-1,-1,0,,0,False,3.4.5,18667
86a173b8-3439-4afc-a1b1-cb5c8e4457af,3,0,-1,-1,0,,0,False,3.4.5,18668
24790c5d-5131-40ec-ae06-c3344dc24326,0,0,-1,-1,0,,0,False,3.4.5,18669
21cb0c99-c780-4fd0-869d-e706bb667389,0,0,-1,-1,0,,0,False,3.4.5,18670
f8751fab-246c-471c-a966-174398ad5a67,0,0,-1,-1,0,,0,False,3.4.5,18671
74df9b0d-e70f-4846-960a-4e4c827f5fad,0,0,-1,-1,0,,0,False,3.4.5,18672
9f040b48-359f-4f33-a2d7-e94659a3856d,7,0,-1,-1,0,,0,False,3.4.5,18673
8ec7e3d7-9c68-43d6-96eb-369a6226edfa,0,0,-1,-1,0,,0,False,3.4.5,18674
3c5beeca-1056-47af-9c53-35fc81a6e312,0,0,-1,-1,0,,0,False,3.4.5,18675
35efc812-bc33-4c7c-acc4-be2f56c2de11,0,0,-1,-1,0,,0,False,3.4.5,18676
e5ebcdac-c328-4e77-b945-5ec50c7dea6b,0,0,-1,-1,0,,0,False,3.4.5,18677
032f5840-16fe-4578-bdc9-16ec1f0873b3,2,0,-1,-1,0,,0,False,3.4.5,18678
a07a8227-c2a6-4866-8040-d616c4806f06,2,0,-1,-1,0,,0,False,3.4.5,18679
045de995-18a8-4988-b6a1-ee7df6cd690b,6,0,1,7,0,,7000,False,3.4.5,18680
05dd83d4-cc30-45be-b5da-38c1e52b9b71,6,0,8,1,0,,7000,False,3.4.5,18681
0730a71e-ab50-4515-8fb2-bdd36fa7c988,6,0,1,2,0,,7000,False,3.4.5,18682
088c2a01-5b65-4d09-8c3c-bfe30874374d,29,0,6,62,0,,7000,False,3.4.5,18683
0adeb67d-fdfc-41d8-92bb-ebb5f0dac03e,20,0,8,1,0,,7000,False,3.4.5,18684
0cc70512-aaf9-4fdd-9b97-7958bdd53486,13,1,1,1,1,,0,False,3.4.5,18685
11389f4e-73fa-4f32-8766-96ba0672ad4d,8,0,1,1,0,,7000,False,3.4.5,18686
1507d1f7-9a43-4edc-867b-480aabef2ffb,7,0,1,7,0,,7000,False,3.4.5,18687
168c80e9-29fd-4bfa-9b08-09b45c8ca865,2,0,-1,-1,0,,0,False,3.4.5,18688
99f30cf9-1ffb-42c9-bdc7-361b14a52ccf,2,0,-1,-1,0,,0,False,3.4.5,18689
1886c16e-6412-4d20-83d1-674b2cdbc07d,5,0,1,1,0,,7000,False,3.4.5,18690
19070609-1ed1-4954-bad9-3c2b936d9b10,12,0,1,1,0,,7000,False,3.4.5,18691
1a61aa66-cb27-4a7a-8862-899a510f3958,8,0,1,7,0,,7000,False,3.4.5,18692
1c47a733-faf9-4612-8b0e-0ca416aea23a,8,0,1,2,0,,7000,False,3.4.5,18693
1c9cdc69-2a4f-44ba-966d-de5483de3a55,8,1,5,2,0,,0,False,3.4.5,18694
1cfdb3dc-013c-4f12-9e80-00afc4ee4e54,2,0,-1,-1,0,,0,False,3.4.5,18695
7f2d366e-279a-47ff-9401-1650ab8f16f8,2,0,-1,-1,0,,0,False,3.4.5,18696
1da5a9b3-1fbe-4dcd-a478-3e9c7a53d85e,1,0,-1,-1,0,,0,False,3.4.5,18697
6d5f655a-e541-432a-810d-fd4bda2b0fef,2,0,-1,-1,0,,0,False,3.4.5,18698
1dd5e3d9-2a7d-44ae-8cb8-3d900c0b6cb4,7,0,1,1,0,,7000,False,3.4.5,18699
1ead87d4-e72c-4f6d-a32a-0d19534ee56f,5,0,1,2,0,,7000,False,3.4.5,18700
20e16fed-0694-4d4a-a0bc-277a64483d48,6,1,5,2,0,,0,False,3.4.5,18701
21dc98e7-d217-4c1e-98ad-a3d5083be9bb,4,0,1,1,0,,7000,False,3.4.5,18702
2248221f-d11a-463d-92f0-1e9681259458,2,0,-1,-1,0,,0,False,3.4.5,18703
6bc88de6-8622-4e5d-9c8d-3bffeb29beb9,2,0,-1,-1,0,,0,False,3.4.5,18704
249614f7-cfb4-4e2c-bd8e-9e4c4b71ff47,9,0,2,1,0,,7000,False,3.4.5,18705
25dc578b-05e6-4072-b99a-c8a079a74d2e,6,0,1,7,0,,7000,False,3.4.5,18706
2718a414-39d5-4988-8e54-fc1577b00768,11,0,1,2,0,,7000,False,3.4.5,18707
28500000-c9b7-4008-aea4-195e508c9688,2,0,-1,-1,0,,0,False,3.4.5,18708
8124db1f-b5c5-48b7-b17e-e0c0e5f461e1,2,0,-1,-1,0,,0,False,3.4.5,18709
28b0ec32-0371-43a9-b966-e3577698c9d2,12,0,1,1,0,,7000,False,3.4.5,18710
29cb016f-46d1-4e20-beac-cbac197c2c88,15,1,0,20,0,,0,False,3.4.5,18711
2bbb14a9-88a5-4626-9d39-98cbe592aa5d,8,0,1,1,0,,7000,False,3.4.5,18712
2e862cfc-6705-44f8-ae41-ccde82f2e07d,6,0,6,1,0,,7000,False,3.4.5,18713
327dd197-aa14-47c1-886f-41d746dfbd22,8,1,1,1,1,,0,False,3.4.5,18714
32fbe9f8-678c-4fbd-a06c-1f719bfac34c,9,0,1,2,0,,7000,False,3.4.5,18715
3497a2e6-700b-4e7a-91fd-ba27ad6363c5,108,0,12,35,0,,7005,True,3.4.5,18716
34cdae6f-019f-4a85-823b-a2a07cdeb9b6,3,1,1,1,1,,0,False,3.4.5,18717
37f5a4b8-440d-40ae-b10b-adbcecf323c7,4,0,6,1,0,,7000,False,3.4.5,18718
38e99d05-e919-4fdb-94c5-c0ca30a1bab5,7,0,5,10,0,,7000,False,3.4.5,18719
3dc2b478-91c0-4f2c-91bb-79e30fa110a5,17,0,1,2,2,,0,False,3.4.5,18720
3dfcf511-09ca-4239-921f-0c984c767fdb,10,0,8,1,0,,7000,False,3.4.5,18721
3e2c7859-f8f8-41be-8ee1-4b04cc210301,4,0,1,1,0,,7000,False,3.4.5,18722
3fd16b23-c74c-4e6b-a5c5-6cf69790f171,5,0,1,2,0,,7000,False,3.4.5,18723
40e27cd5-f950-4764-afe9-c6ddf7a5743b,11,0,5,17,0,,7000,False,3.4.5,18724
41a350cb-6b9c-41ca-b090-edacc5792d37,3,0,1,1,0,,7000,False,3.4.5,18725
41aa38e1-e2dd-4e17-bc47-011a955373eb,6,1,1,1,1,,0,False,3.4.5,18726
42499cf9-ad1c-47fa-ae01-8ee5e05c983a,7,0,1,1,0,,7000,False,3.4.5,18727
4624503e-fe62-4b35-bc86-8ee6d22cabd2,5,0,1,1,0,,7000,False,3.4.5,18728
46abf481-d9c6-4774-9340-ec706c016177,7,0,1,1,0,,7000,False,3.4.5,18729
47003cb2-7061-45f7-b51c-979ba501ff76,12,0,3,1,0,,7000,False,3.4.5,18730
486634ce-17bd-4e35-9c27-6e33932fb9ef,4,0,-1,-1,0,,0,False,3.4.5,18731
4ec49341-98f1-4e04-b3ea-872e2e4a9051,4,0,-1,-1,0,,0,False,3.4.5,18732
48935653-f067-4ecf-bdbf-b8a1a6c9e86f,11,1,5,2,0,,0,False,3.4.5,18733
4b0710fd-f36f-4e0d-93c1-597911d8be97,1,0,-1,-1,0,,0,False,3.4.5,18734
d49e7073-2c18-4e47-98c7-49831d14d983,2,0,-1,-1,0,,0,False,3.4.5,18735
5128da1a-36b6-44ed-bdaf-01634505f29c,8,0,1,1,0,,7000,False,3.4.5,18736
513640bf-3a82-4c95-810f-32e7e7f0f6e2,5,0,1,1,0,,7000,False,3.4.5,18737
51fef99f-24b5-42f7-a50a-79aa52a14266,7,0,1,7,0,,7000,False,3.4.5,18738
525f189c-7b71-40a2-ae96-18a7c03b1176,5,0,2,1,0,,7000,False,3.4.5,18739
52b651c2-46b9-4e72-b44e-321718a3f275,12,0,10,1,0,,7000,False,3.4.5,18740
560692b1-5f94-4f44-a662-ea353ae0b5ed,5,0,1,1,0,,7000,False,3.4.5,18741
567a3f99-fe95-4ae9-9b78-ba46c2e325ba,91,0,12,45,0,,7005,True,3.4.5,18742
58561852-6f6a-4088-83e6-54e7eb0f1799,10,0,1,1,0,,7000,False,3.4.5,18743
585c0faa-969f-4f4c-8414-cec8258d9408,14,0,1,2,0,,7000,False,3.4.5,18744
594ef080-6ecd-4a71-8c9d-06f3b78df6fd,15,0,1,2,0,,7000,False,3.4.5,18745
5b98b264-8088-4aea-b0a3-72bd0d4f43a5,2,0,-1,-1,0,,0,False,3.4.5,18746
d833279e-bc74-4c88-8358-f5b31faddced,2,0,-1,-1,0,,0,False,3.4.5,18747
5e1d7eae-07ad-4f0e-b071-8a0cfed7924a,10,0,1,7,0,,7000,False,3.4.5,18748
5e3bddc7-b241-4e7c-bf8e-53a4af3e22d5,9,0,7,10,0,,7000,False,3.4.5,18749
6087b4fa-499e-4735-83df-0ded3f7133d5,9,0,1,1,0,,7000,False,3.4.5,18750
60fb3c76-5511-4d91-b81d-3be2bd735546,4,0,1,1,0,,7000,False,3.4.5,18751
6114cfc8-d24f-4500-a404-dbb64d049ab9,5,0,1,1,0,,7000,False,3.4.5,18752
61ba04b8-0751-47d8-baa6-1853893f86df,8,0,1,2,0,,7000,False,3.4.5,18753
637c5106-2496-453a-980e-10c0a3216a05,6,1,1,1,1,,0,False,3.4.5,18754
63b96ded-a8b6-4b26-909e-c7e0939440e4,4,0,1,2,0,,7000,False,3.4.5,18755
6750fd94-bfcb-4fa9-817e-19d373c3b633,6,0,1,1,0,,7000,False,3.4.5,18756
692f8012-8163-40d1-a69d-358865d62a79,7,0,1,7,0,,7000,False,3.4.5,18757
69f23f74-8081-402d-8e56-3f3a3a3a2741,5,1,1,1,1,,0,False,3.4.5,18758
6ad9d5f5-cbfc-4fe7-8ba0-d2642f3ad2a7,7,0,1,7,0,,7000,False,3.4.5,18759
6b97bc91-484d-4439-b645-44bc4e365317,10,0,2,1,0,,7000,False,3.4.5,18760
6bbb1f48-7d7f-4d90-9ea5-6037e0714484,2,0,-1,-1,0,,0,False,3.4.5,18761
6d0426de-0889-489c-9dff-dd9fcebedc0f,16,0,1,2,0,,7000,False,3.4.5,18762
6d0513fe-07c3-43b1-a5b2-c3230418c151,7,0,1,2,0,,7000,False,3.4.5,18763
6fd39a4b-375e-424d-806e-e44cf0cbf66b,9,0,1,1,0,,7000,False,3.4.5,18764
70b18592-3b9e-4af5-998d-fdc122b4b7af,54,0,7,30,1,,0,False,3.4.5,18765
729a01fc-0d67-439c-b377-f5e042c8ab19,7,0,1,1,0,,7000,False,3.4.5,18766
73757860-a69a-40e2-ace2-48c0962d465f,5,0,1,2,0,,7000,False,3.4.5,18767
73ebd36f-8e81-44b8-a46d-2178c1c902ab,8,0,1,1,0,,7000,False,3.4.5,18768
75004252-53d7-4969-a19e-740392f0b0df,6,0,1,2,0,,7000,False,3.4.5,18769
76580f7f-d9cf-4d5c-824b-5a1f7860f52b,15,1,1,1,1,,0,False,3.4.5,18770
7b8e66ec-2cf9-4c92-bc53-b3e27393f72a,31,0,6,64,0,,7000,False,3.4.5,18771
7cce380e-96fa-46ad-8807-7645ae3f03bd,5,0,1,2,0,,7000,False,3.4.5,18772
7d8ff5ee-6322-4d7e-b252-f143894fee96,5,0,2,1,0,,7000,False,3.4.5,18773
7f7e6691-5431-4239-bda0-635a574dfd95,5,1,1,1,1,,0,False,3.4.5,18774
803d2556-1f04-476f-80d5-ff9e9940ead3,11,0,6,2,0,,7000,False,3.4.5,18775
80facb43-91d5-4f7e-ab08-afb1fc8a1328,8,0,1,7,0,,7000,False,3.4.5,18777
8102298a-e7e7-4c6b-ba60-69b0aa08ed29,36,0,6,61,0,,7000,False,3.4.5,18778
81983f28-83f9-4de4-a246-9b7cb43813c4,33,0,10,1,0,,7000,False,3.4.5,18779
82210289-779d-4a44-a1ff-d51b556bd538,36,0,3,1,0,,7000,False,3.4.5,18780
83bbf311-011c-4cf3-a4b2-7c8f9f5129c1,5,0,1,1,0,,7000,False,3.4.5,18781
84a45de0-381d-4147-8bc0-aac144e60e28,2,0,-1,-1,0,,0,False,3.4.5,18782
b3bc9800-6f41-4a3b-a5e1-d6f2982dfd95,2,0,-1,-1,0,,0,False,3.4.5,18783
85828de2-5ad0-4e26-b766-a67865613422,7,0,1,7,0,,7000,False,3.4.5,18784
85c1ace8-39f9-4475-8d2d-96434417f3e0,71,0,12,35,0,,7005,True,3.4.5,18785
85dc13af-b3f5-40c2-ae92-e4aa5a797c0f,6,0,1,7,0,,7000,False,3.4.5,18786
8611abe5-1902-4efa-9db9-a9e67a918912,32,0,6,61,0,,7000,False,3.4.5,18787
8a3a1312-23e6-4f88-b558-a915af942caf,18,0,5,19,0,,7000,False,3.4.5,18788
8b0e6006-083a-464f-9784-7f20fe2eae7d,9,0,1,1,0,,7000,False,3.4.5,18789
8b8589ab-263c-4a54-a753-53236e959c1e,14,0,1,2,0,,7000,False,3.4.5,18790
8d0c72c5-6d26-421c-81a5-063f7ac5e2e4,13,2,1,1,0,,0,False,3.4.5,18791
8e4cbc5b-a1b0-415d-9277-3c40646cba1e,8,0,1,1,0,,7000,False,3.4.5,18792
91406573-dad1-4b40-8bfb-8a57575fcf7a,2,0,-1,-1,0,,0,False,3.4.5,18793
a6ce9c86-67be-40b4-a37e-94b20aade350,2,0,-1,-1,0,,0,False,3.4.5,18794
91c72cd2-f313-4881-8a69-0557a70a7852,2,0,-1,-1,0,,0,False,3.4.5,18795
4f1389f7-e7c8-4306-ac4d-020c88754a89,2,0,-1,-1,0,,0,False,3.4.5,18796
9326197f-c251-438c-9659-fa664fbd64fd,5,0,1,2,0,,7000,False,3.4.5,18797
936fa160-128e-443b-804c-31b15729af79,4,0,1,1,0,,7000,False,3.4.5,18798
95fa1b03-2a50-48c5-88a4-ca274dc056ef,5,0,1,2,0,,7000,False,3.4.5,18799
975183cd-bc8c-4c40-b1fc-91b2f40f8e9f,7,1,5,2,0,,0,False,3.4.5,18800
989742bd-14b4-4026-80d2-26ed848ccb1c,10,0,8,1,0,,7000,False,3.4.5,18801
98f40718-3d2b-49c8-8c84-7d9d63c012bd,40,6,6,62,1,,0,False,3.4.5,18802
a1ba0231-c8c4-4c75-984e-2f5ef91360ff,5,0,1,1,0,,7000,False,3.4.5,18803
a6fc371c-b0a1-4735-b0f0-10f05db10241,7,0,1,7,0,,7000,False,3.4.5,18804
a7c37894-bf5f-4c7d-b51b-4249552cd533,30,0,1,2,0,,7000,False,3.4.5,18805
a836ec71-ad8a-458c-aad3-16bab600fdd2,59,0,7,30,1,,0,False,3.4.5,18806
ab0e84d1-820e-42ae-bdf0-99d3e74e647a,16,0,1,7,0,,7000,False,3.4.5,18807
ab161f50-3964-4a25-8cf7-8cbd6d6a9b6f,3,0,-1,-1,0,,0,False,3.4.5,18808
930f9228-b443-4809-b6b0-3c56f2f1e5d6,3,0,-1,-1,0,,0,False,3.4.5,18809
abc218cc-af9a-4630-a6b7-fde3d99f488c,9,1,1,1,1,,0,False,3.4.5,18810
ac040415-4038-48af-8d7c-25d5620554cf,11,0,1,2,0,,7000,False,3.4.5,18811
adaedd22-3ab4-41f9-8720-afe114374d07,1,0,-1,-1,0,,0,False,3.4.5,18812
ee7d4e61-ad42-4525-a22d-e6327aeb5c23,2,1,-1,-1,0,,0,False,3.4.5,18813
b0b076d2-5843-4175-932e-985cee3d5d42,1,0,-1,-1,0,,0,False,3.4.5,18814
d71e2e67-953a-4062-af24-dff1c2172e8a,1,0,-1,-1,0,,0,False,3.4.5,18815
b0b52950-98c1-4958-89a4-14a25f5265f0,1,0,-1,-1,0,,0,False,3.4.5,18816
4e1af48c-182b-47c8-9e91-a3091ccce681,1,0,-1,-1,0,,0,False,3.4.5,18817
b660f54e-decd-4b87-82e4-18464f61e049,4,0,1,1,0,,7000,False,3.4.5,18818
b95bf735-3126-4ab4-bd7d-8359c9dde6e2,1,0,-1,-1,0,,0,False,3.4.5,18819
46a5700e-8283-478d-9b52-a28f796ac38c,1,0,-1,-1,0,,0,False,3.4.5,18820
ba179353-acb5-4de6-8070-6a97dfe79be4,31,0,6,61,0,,7000,False,3.4.5,18821
bbc45c63-ed64-4ee1-bb59-b56daa82ec61,2,0,-1,-1,0,,0,False,3.4.5,18822
200c5ab1-8854-48df-b56e-c3109881dffb,2,0,-1,-1,0,,0,False,3.4.5,18823
bc047509-25bd-4639-95f2-89f6e40f0acf,27,0,6,64,0,,7000,False,3.4.5,18824
c0c8109d-6130-4937-81d8-4e3751ebe799,13,1,1,1,1,,0,False,3.4.5,18825
c1110835-6eb9-4f73-bc91-f1652c85ef05,36,0,6,50,0,,7000,False,3.4.5,18826
c4521dff-208d-4bcb-9ac9-d2b4d56bfa66,5,0,1,1,0,,7000,False,3.4.5,18827
c75adbb0-a573-4292-bfe9-0ffe36c95cd6,5,0,2,1,0,,7000,False,3.4.5,18828
c9e684a7-d51d-4cd3-b786-f36832e42e28,32,0,1,2,0,,7000,False,3.4.5,18829
c9f59baa-bf17-4884-8c05-cd391074c79d,3,0,-1,-1,0,,0,False,3.4.5,18830
9c25d123-52f0-46c3-a83a-83831244820b,2,0,-1,-1,0,,0,False,3.4.5,18831
cb4433ce-f36e-4c3c-89b2-718ec5f73039,7,1,5,2,0,,0,False,3.4.5,18832
cb74a5de-ed5e-41f6-906c-387c6d80dab5,5,0,1,2,0,,7000,False,3.4.5,18833
cd025dff-9ff5-43c6-8db5-a38ec04275e1,93,0,12,45,0,,7005,True,3.4.5,18834
cedc5567-c1c3-4220-bd82-0fc69c609a14,7,0,3,10,0,,7000,False,3.4.5,18835
cedfe651-335b-470f-8ae2-32fe1069f3bf,11,0,2,1,0,,7000,False,3.4.5,18836
cf8d2aee-bdec-465d-b921-30e5a4a07ca2,4,0,1,1,0,,7000,False,3.4.5,18837
d0931487-17a4-412b-8245-0e662bccf21c,6,0,3,1,0,,7000,False,3.4.5,18838
d212f724-9a22-4a6f-a5ec-f2f4e21934af,2,0,-1,-1,0,,0,False,3.4.5,18839
f77f9cb6-6e04-44c3-b01c-53a2cd01c112,3,0,-1,-1,0,,0,False,3.4.5,18840
d39412ed-857e-4aaa-8933-27506f879b0e,6,0,1,1,0,,7000,False,3.4.5,18841
d4374b5f-c299-4d51-a096-ecad5584c827,5,0,1,1,0,,7000,False,3.4.5,18842
d6a77812-a60f-453a-abd5-b2cdb7879b80,2,0,-1,-1,0,,0,False,3.4.5,18843
0828d7f4-8f06-4fb3-aeea-fdc0de521f96,2,0,-1,-1,0,,0,False,3.4.5,18844
d8cf9e5e-d2f6-4e27-96ef-5196c3e840c3,18,0,1,2,2,,0,False,3.4.5,18845
db62af74-3e7c-4be9-9d12-5791b0c7f61c,3,1,1,1,1,,0,False,3.4.5,18846
dbb81e03-cecd-494e-8f7a-7e1d5dca973d,7,0,1,7,0,,7000,False,3.4.5,18847
de5f7c63-83c1-4d22-9c55-304c42dcfd80,5,0,1,1,0,,7000,False,3.4.5,18848
dea6f85a-cfd7-4f6f-b04a-3d5209c6bb63,2,0,-1,-1,0,,0,False,3.4.5,18849
df7e9e65-74ab-40a2-920c-967dabf411f3,6,0,1,1,0,,7000,False,3.4.5,18850
e0496fac-4ebf-4eb4-98e0-83c5694c34c5,6,0,1,7,0,,7000,False,3.4.5,18851
e067d534-8dfc-492e-b6f6-94c53871cd55,4,0,1,1,0,,7000,False,3.4.5,18852
e1bbe923-19cf-4fa0-877e-d9f135c55efc,2,0,-1,-1,0,,0,False,3.4.5,18853
7c8d35a6-32db-49bb-951b-71ea77464e37,2,0,-1,-1,0,,0,False,3.4.5,18854
e383f65f-8977-4118-921d-cf95f2970cfb,12,0,1,2,0,,7000,False,3.4.5,18855
e4a53864-4990-4ac5-9d2a-a95b41716595,13,0,1,1,0,,7000,False,3.4.5,18856
e72af803-cf2b-4063-a3f4-255697b89f79,10,0,2,1,0,,7000,False,3.4.5,18857
e7fb944c-62e2-44e4-bf6d-6c79112bd276,2,0,-1,-1,0,,0,False,3.4.5,18858
cd3ebad1-3d32-4ce6-8cfa-d1db9f703224,2,0,-1,-1,0,,0,False,3.4.5,18859
e9299a46-fa99-4658-aff7-3b81590748e3,8,0,1,2,0,,7000,False,3.4.5,18860
e954c11b-90d2-4398-afbc-9cdb92bbc5b1,9,0,3,1,0,,7000,False,3.4.5,18861
e9b5fed0-3078-4fb8-8cde-9bea35825d76,11,0,8,1,0,,7000,False,3.4.5,18862
ea87ffe3-60cf-4522-8447-1676febe44ef,13,0,8,2,0,,7000,False,3.4.5,18863
edd509dd-7bdc-4818-9cf6-f7ea5c6baeb3,1,0,-1,-1,0,,0,False,3.4.5,18864
8abe4b43-a5d0-4a72-84af-30667fffb43f,2,0,-1,-1,0,,0,False,3.4.5,18865
f29af8c9-4684-46e4-8f64-8bba42b58a4f,13,0,1,2,0,,7000,False,3.4.5,18866
f321fd58-ede7-4d43-a41e-882b22ea3178,7,0,1,7,0,,7000,False,3.4.5,18867
f6709a06-33a6-4a44-a1fc-1e466c32853a,10,0,1,1,0,,7000,False,3.4.5,18868
fa8cd901-f62f-49ca-9a5b-8170d810ce3c,5,0,1,1,0,,7000,False,3.4.5,18869
fad179df-2dc0-4aaf-b7aa-385c8896beb3,15,0,6,14,0,,7000,False,3.4.5,18870
fd2559f5-cf06-44e6-b59a-46ae540e3e66,5,0,1,2,0,,7000,False,3.4.5,18871
fd5fee21-7b36-46c4-a9c9-1442ad29a379,4,0,1,1,0,,7000,False,3.4.5,18872
fe69a2b1-3422-40b0-a843-9edd516ede05,4,0,1,1,0,,7000,False,3.4.5,18873
ff68fda3-c092-4971-a8c1-52bbca52aad8,2,0,-1,-1,0,,0,False,3.4.5,18874
adbd841e-95f1-4d1b-8db5-f3d8c6ef8596,5,0,-1,-1,0,,0,False,3.4.5,18875
bb70e045-9eac-4c2b-bbdd-47e77407e696,2,0,-1,-1,0,,0,False,3.4.5,18876
c8c98fd6-2b8e-4b95-a6a4-e8b6625f3945,2,0,-1,-1,0,,0,False,3.4.5,18877
f8ae1956-46d3-4679-bef8-ef9fb898add8,3,0,-1,-1,0,,0,False,3.4.5,18878
e50f5146-eb01-4732-aab6-e85d4fdf4a2f,13,0,10,1,0,,7000,False,3.4.5,18879
