SheetId,ObjectId,IsMissingObject,QsdaVersion,MetaId
JRQyry,vJXJsrU,False,3.4.5,2381
625a939d-ebc6-4a62-8eca-4facc707655d,29555a4d-0644-40c8-a338-c00c8adbf1d2,False,3.4.5,2384
625a939d-ebc6-4a62-8eca-4facc707655d,jHvVThG,False,3.4.5,2385
625a939d-ebc6-4a62-8eca-4facc707655d,23adf42a-760b-4ae0-8532-e3dc511bae41,False,3.4.5,2387
625a939d-ebc6-4a62-8eca-4facc707655d,mTJzj,False,3.4.5,2388
625a939d-ebc6-4a62-8eca-4facc707655d,VYd,False,3.4.5,2389
625a939d-ebc6-4a62-8eca-4facc707655d,413d3c5e-88e5-463e-837f-597602514e8b,False,3.4.5,2391
625a939d-ebc6-4a62-8eca-4facc707655d,mwkmFg,False,3.4.5,2392
625a939d-ebc6-4a62-8eca-4facc707655d,ed4d2a12-0af5-4e99-9f59-989a3c56243e,False,3.4.5,2393
625a939d-ebc6-4a62-8eca-4facc707655d,XzCwhe,False,3.4.5,2394
625a939d-ebc6-4a62-8eca-4facc707655d,a2170a77-ad2a-4abd-be8b-ec3d3627feed,False,3.4.5,2396
625a939d-ebc6-4a62-8eca-4facc707655d,LYeyDG,False,3.4.5,2397
625a939d-ebc6-4a62-8eca-4facc707655d,e9c11a9e-b87b-4640-8a0a-58e37c185112,False,3.4.5,2399
625a939d-ebc6-4a62-8eca-4facc707655d,LsUAMvw,False,3.4.5,2400
625a939d-ebc6-4a62-8eca-4facc707655d,857ce82d-1855-4edf-aacc-542c7b492efc,False,3.4.5,2401
625a939d-ebc6-4a62-8eca-4facc707655d,fepkQq,False,3.4.5,2402
625a939d-ebc6-4a62-8eca-4facc707655d,e85ea7d6-d694-46a4-b4ee-31b03a548d46,False,3.4.5,2404
625a939d-ebc6-4a62-8eca-4facc707655d,JMrvYeM,False,3.4.5,2405
625a939d-ebc6-4a62-8eca-4facc707655d,f8de35e2-f1ba-49ac-b103-fbb8dd597b00,False,3.4.5,2407
625a939d-ebc6-4a62-8eca-4facc707655d,QZQMFmN,False,3.4.5,2408
625a939d-ebc6-4a62-8eca-4facc707655d,b6862eb7-984d-4bc9-ae8e-5e16d7cfebef,False,3.4.5,2410
625a939d-ebc6-4a62-8eca-4facc707655d,uYpmJ,False,3.4.5,2411
625a939d-ebc6-4a62-8eca-4facc707655d,5bb7e4cd-9bdc-40bf-9ceb-04d77abf95a5,False,3.4.5,2413
625a939d-ebc6-4a62-8eca-4facc707655d,XJDZj,False,3.4.5,2414
625a939d-ebc6-4a62-8eca-4facc707655d,c1082e99-b2ff-45af-a0da-0efefbcf88af,False,3.4.5,2416
625a939d-ebc6-4a62-8eca-4facc707655d,mmJTfWB,False,3.4.5,2417
625a939d-ebc6-4a62-8eca-4facc707655d,31a08ae7-7dc2-4713-b19b-197f808d3574,False,3.4.5,2418
625a939d-ebc6-4a62-8eca-4facc707655d,mvBGUfm,False,3.4.5,2419
625a939d-ebc6-4a62-8eca-4facc707655d,8ac0e94c-2af4-491b-8c0a-42b697eb9801,False,3.4.5,2421
625a939d-ebc6-4a62-8eca-4facc707655d,NNKRDJ,False,3.4.5,2422
625a939d-ebc6-4a62-8eca-4facc707655d,9e3b2bd5-9ab1-4461-a0fa-5e39cbda1eb3,False,3.4.5,2425
625a939d-ebc6-4a62-8eca-4facc707655d,ezFDJ,False,3.4.5,2426
625a939d-ebc6-4a62-8eca-4facc707655d,b400d49b-b369-408e-88f4-a9241e01f396,False,3.4.5,2428
625a939d-ebc6-4a62-8eca-4facc707655d,wkQEqPj,False,3.4.5,2429
625a939d-ebc6-4a62-8eca-4facc707655d,nShZjf,False,3.4.5,2431
625a939d-ebc6-4a62-8eca-4facc707655d,YJjbmWX,False,3.4.5,2433
625a939d-ebc6-4a62-8eca-4facc707655d,rwkUQUJ,False,3.4.5,2435
625a939d-ebc6-4a62-8eca-4facc707655d,dwJmR,False,3.4.5,2437
625a939d-ebc6-4a62-8eca-4facc707655d,dzsBUqY,False,3.4.5,2439
625a939d-ebc6-4a62-8eca-4facc707655d,BWpeEsQ,False,3.4.5,2441
625a939d-ebc6-4a62-8eca-4facc707655d,qqEGSZU,False,3.4.5,2443
625a939d-ebc6-4a62-8eca-4facc707655d,hQU,False,3.4.5,2445
625a939d-ebc6-4a62-8eca-4facc707655d,QtYxPZ,False,3.4.5,2447
625a939d-ebc6-4a62-8eca-4facc707655d,nxdXxn,False,3.4.5,2449
625a939d-ebc6-4a62-8eca-4facc707655d,DHpkuz,False,3.4.5,2451
0ef4d987-d492-44f9-90b4-81b560a08127,3c5a0463-8b14-451f-96cc-76eb99f8d00f,False,3.4.5,2461
0ef4d987-d492-44f9-90b4-81b560a08127,CJPeeeU,False,3.4.5,2463
0ef4d987-d492-44f9-90b4-81b560a08127,SAGT,False,3.4.5,2468
0ef4d987-d492-44f9-90b4-81b560a08127,djkwrg,False,3.4.5,2470
1cf61a17-47c7-4951-b698-afbd072dfc16,f7d58040-3eef-4c1c-97d7-be72863a3205,False,3.4.5,2473
1cf61a17-47c7-4951-b698-afbd072dfc16,XXFeaEA,False,3.4.5,2477
1cf61a17-47c7-4951-b698-afbd072dfc16,sPZJzt,False,3.4.5,2479
1e526184-43c3-427e-ba2c-7c8606b137c0,GgAmSD,False,3.4.5,2490
1e526184-43c3-427e-ba2c-7c8606b137c0,KzGWGaj,False,3.4.5,2492
1e526184-43c3-427e-ba2c-7c8606b137c0,KUYqDCw,False,3.4.5,2495
1e526184-43c3-427e-ba2c-7c8606b137c0,UYjLp,False,3.4.5,2497
6a065316-4265-4c3b-a4b3-7431258b9087,aadc36e4-ebc5-405d-8fc9-50d91b5a44a1,False,3.4.5,2500
6a065316-4265-4c3b-a4b3-7431258b9087,jEpWjTx,False,3.4.5,2503
6a065316-4265-4c3b-a4b3-7431258b9087,vqjY,False,3.4.5,2505
6c1f40ca-a0a3-49d7-b920-42a482549eb4,HbPjffJ,False,3.4.5,2510
6c1f40ca-a0a3-49d7-b920-42a482549eb4,QPPBN,False,3.4.5,2513
6c1f40ca-a0a3-49d7-b920-42a482549eb4,jpujW,False,3.4.5,2516
6c1f40ca-a0a3-49d7-b920-42a482549eb4,mzPTuj,False,3.4.5,2519
6c1f40ca-a0a3-49d7-b920-42a482549eb4,JLqtakx,False,3.4.5,2522
6c1f40ca-a0a3-49d7-b920-42a482549eb4,nTNuqbJ,False,3.4.5,2524
6c1f40ca-a0a3-49d7-b920-42a482549eb4,rerzA,False,3.4.5,2526
6c1f40ca-a0a3-49d7-b920-42a482549eb4,546199db-7f9b-49e7-87c9-fb2b222bbe5d,False,3.4.5,2529
6c1f40ca-a0a3-49d7-b920-42a482549eb4,877bc601-d8e5-42d0-ba73-04beed83a959,False,3.4.5,2530
6c1f40ca-a0a3-49d7-b920-42a482549eb4,3f2cd8bf-bae0-4d1c-ab74-4402ae243b40,False,3.4.5,2531
6c1f40ca-a0a3-49d7-b920-42a482549eb4,6270beed-adf4-4e38-971d-ec3613474887,False,3.4.5,2532
6c1f40ca-a0a3-49d7-b920-42a482549eb4,cCcJYP,False,3.4.5,2533
6c1f40ca-a0a3-49d7-b920-42a482549eb4,sBLPuaA,False,3.4.5,2535
9b36a80a-e0ed-4d53-b915-8c3d52b4afcf,jBpRNX,False,3.4.5,2541
9b36a80a-e0ed-4d53-b915-8c3d52b4afcf,JLLDSWv,False,3.4.5,2543
dff4b18d-a681-432d-a37a-3ccff5b42ad1,168bf34f-76b4-4a42-8bf0-03f05f2ab18e,False,3.4.5,2551
dff4b18d-a681-432d-a37a-3ccff5b42ad1,e8fe48ea-58f3-4c93-9203-fda08b06fb12,False,3.4.5,2552
dff4b18d-a681-432d-a37a-3ccff5b42ad1,2f131019-32fd-4592-9bb4-b836d9d49a17,False,3.4.5,2553
dff4b18d-a681-432d-a37a-3ccff5b42ad1,549a3d29-de88-4904-b40f-5d26d0dcbbc9,False,3.4.5,2554
dff4b18d-a681-432d-a37a-3ccff5b42ad1,a41731da-8c9b-4cc7-8f4f-f8e003eb77b3,False,3.4.5,2555
dff4b18d-a681-432d-a37a-3ccff5b42ad1,VdjCyb,False,3.4.5,2560
dff4b18d-a681-432d-a37a-3ccff5b42ad1,AYjRzr,False,3.4.5,2563
dff4b18d-a681-432d-a37a-3ccff5b42ad1,gZURYL,False,3.4.5,2565
dff4b18d-a681-432d-a37a-3ccff5b42ad1,wmjcR,False,3.4.5,2567
dff4b18d-a681-432d-a37a-3ccff5b42ad1,Yfnqc,False,3.4.5,2569
efe7081f-49b4-48f7-a30f-533b8a4d93f0,9afb151d-16b9-4ff6-9363-abbad954ccba,False,3.4.5,2577
efe7081f-49b4-48f7-a30f-533b8a4d93f0,86b437d2-fd92-4d49-adb8-7271b37ab900,False,3.4.5,2584
efe7081f-49b4-48f7-a30f-533b8a4d93f0,ed11d739-8025-4154-a3ca-a659f5456347,False,3.4.5,2586
efe7081f-49b4-48f7-a30f-533b8a4d93f0,541a602e-f1f6-4481-8067-b133d5420773,False,3.4.5,2588
efe7081f-49b4-48f7-a30f-533b8a4d93f0,377d0b77-201f-44ab-a31b-dc2e5f25ef49,False,3.4.5,2592
efe7081f-49b4-48f7-a30f-533b8a4d93f0,KvwtB,False,3.4.5,2594
12756f8c-bb3f-419c-a697-6486f1b809cc,dfa33260-b885-4eae-b484-d9259f0a9b53,False,3.4.5,2598
12756f8c-bb3f-419c-a697-6486f1b809cc,90f51e46-44af-4c79-a0fb-7d04a26c1082,False,3.4.5,2599
12756f8c-bb3f-419c-a697-6486f1b809cc,f83fc960-a66b-4a99-8dd2-93e07840865a,False,3.4.5,2600
12756f8c-bb3f-419c-a697-6486f1b809cc,a1ec270c-9964-41e5-901c-3739c7b44fa6,False,3.4.5,2601
12756f8c-bb3f-419c-a697-6486f1b809cc,f311defb-9041-41d2-8264-c2bbfd4acefc,False,3.4.5,2602
12756f8c-bb3f-419c-a697-6486f1b809cc,b008ad77-c779-4a6d-b19c-1750f3ab0e00,False,3.4.5,2603
12756f8c-bb3f-419c-a697-6486f1b809cc,89f8b87d-910f-47ec-b39f-804d0e76a7e0,False,3.4.5,2604
12756f8c-bb3f-419c-a697-6486f1b809cc,2390ea38-303d-4d63-b8c3-3c57d1c63a97,False,3.4.5,2605
12756f8c-bb3f-419c-a697-6486f1b809cc,fa4997a5-c7ae-4f24-99a5-be33be55e5c9,False,3.4.5,2606
12756f8c-bb3f-419c-a697-6486f1b809cc,YjCSB,False,3.4.5,2607
12756f8c-bb3f-419c-a697-6486f1b809cc,2fb2d0f1-9c0c-481c-84ee-588ba682a7fd,False,3.4.5,2609
12756f8c-bb3f-419c-a697-6486f1b809cc,FSCjumf,False,3.4.5,2610
12756f8c-bb3f-419c-a697-6486f1b809cc,gLVMNFJ,False,3.4.5,2612
12756f8c-bb3f-419c-a697-6486f1b809cc,f2595a86-4caf-4753-9fc3-25018933be5a,False,3.4.5,2615
12756f8c-bb3f-419c-a697-6486f1b809cc,c77b539a-9e21-407c-9be6-ba624e1f01a9,False,3.4.5,2616
12756f8c-bb3f-419c-a697-6486f1b809cc,mQTEWu,False,3.4.5,2617
12756f8c-bb3f-419c-a697-6486f1b809cc,eJbTPUE,False,3.4.5,2619
